name,energy,protein,lipid,carbohydrate,calcium,iron,vitaminE,vitaminB1,vitaminB2,vitaminC,cholesterol,solt
薄力粉,3.68,0.08,0.017,0.759,0.23,0.006,0.003,0.0013,0.0004,0,0,0
小麦粉,3.68,0.08,0.017,0.759,0.23,0.006,0.003,0.0013,0.0004,0,0,0
こむぎこ,3.68,0.08,0.017,0.759,0.23,0.006,0.003,0.0013,0.0004,0,0,0
中力粉,3.68,0.09,0.018,0.748,0.2,0.006,0.003,0.0012,0.0004,0,0,0
強力粉,3.66,0.117,0.018,0.716,0.2,0.01,0.003,0.001,0.0005,0,0,0
ホットケーキミックス粉,3.66,0.076,0.042,0.744,1,0.005,0.004,0.0011,0.0009,0,0.31,0.01
てんぷら粉,3.49,0.075,0.016,0.761,0.45,0.006,0.003,0.0012,0.0005,0,0,0.002
食パン,2.64,0.093,0.044,0.467,0.29,0.006,0.006,0.0007,0.0004,0,0,0.013
パン,2.64,0.093,0.044,0.467,0.29,0.006,0.006,0.0007,0.0004,0,0,0.013
コッペパン,2.65,0.085,0.038,0.491,0.37,0.01,0.005,0.0008,0.0008,0,0,0.013
乾パン,3.93,0.095,0.044,0.788,0.3,0.012,0.013,0.0014,0.0006,0,0,0.012
フランスパン,2.79,0.094,0.013,0.575,0.16,0.009,0.001,0.0008,0.0005,0,0,0.016
ライ麦パン,2.64,0.084,0.022,0.527,0.16,0.014,0.003,0.0016,0.0006,0,0,0.012
ぶどうパン,2.69,0.082,0.035,0.511,0.32,0.009,0.004,0.0011,0.0005,0,0,0.01
レーズンパン,2.69,0.082,0.035,0.511,0.32,0.009,0.004,0.0011,0.0005,0,0,0.01
ロールパン,3.16,0.101,0.09,0.486,0.44,0.007,0.006,0.001,0.0006,0,0,0.012
バターロール,3.16,0.101,0.09,0.486,0.44,0.007,0.006,0.001,0.0006,0,0,0.012
クロワッサン,4.48,0.079,0.268,0.439,0.21,0.006,0.026,0.0008,0.0003,0,0,0.012
イングリッシュマフィン,2.28,0.081,0.036,0.408,0.53,0.009,0.003,0.0015,0.0008,0,0,0.012
ナン,2.62,0.103,0.034,0.476,0.11,0.008,0.007,0.0013,0.0006,0,0,0.013
生うどん,2.7,0.061,0.006,0.568,0.18,0.003,0.003,0.0009,0.0003,0,0,0.025
うどん,1.05,0.026,0.004,0.216,0.06,0.002,0.001,0.0002,0.0001,0,0,0.003
うどん乾,3.48,0.085,0.011,0.719,0.17,0.006,0.004,0.0008,0.0002,0,0,0.043
そうめん乾,3.56,0.095,0.011,0.727,0.17,0.006,0.004,0.0008,0.0002,0,0,0.038
ひやむぎ乾,3.56,0.095,0.011,0.727,0.17,0.006,0.004,0.0008,0.0002,0,0,0.038
そうめん,1.05,0.026,0.004,0.216,0.06,0.002,0.001,0.0002,0.0001,0,0,0.003
ひやむぎ,1.05,0.026,0.004,0.216,0.06,0.002,0.001,0.0002,0.0001,0,0,0.003
生中華めん,2.81,0.086,0.012,0.557,0.21,0.005,0.002,0.0002,0.0002,0,0,0.01
中華めん,1.49,0.049,0.006,0.292,0.2,0.003,0.001,0.0001,0.0001,0,0,0.002
蒸し中華めん,1.98,0.053,0.017,0.384,0.09,0.003,0.001,0.0001,0.0001,0,0,0.004
中華めん乾,3.65,0.105,0.016,0.73,0.18,0.007,0.002,0.0003,0.0003,0,0,0.013
沖縄そば,1.47,0.052,0.008,0.28,0.09,0.004,0.002,0.0001,0.0002,0,0,0.004
沖縄そば乾,3.51,0.12,0.017,0.678,0.23,0.015,0.001,0.0012,0.0005,0,0,0.043
即席中華めん 油揚げ味付け,4.45,0.101,0.167,0.635,4.3,0.01,0.036,0.0146,0.0167,0,0.07,0.064
即席中華めん 油揚げ,4.58,0.101,0.191,0.614,2.3,0.009,0.026,0.0055,0.0083,0,0.03,0.056
即席中華めん 非油揚げ,3.56,0.103,0.052,0.671,1.1,0.008,0.018,0.0021,0.0004,0,0.02,0.069
スナックめん,4.48,0.107,0.197,0.569,1.9,0.013,0.03,0.0068,0.0053,0.01,0.34,0.069
マカロニ,3.78,0.13,0.022,0.722,0.18,0.014,0.004,0.0019,0.0006,0,0,0
スパゲッティ,3.78,0.13,0.022,0.722,0.18,0.014,0.004,0.0019,0.0006,0,0,0
マカロニゆで,1.49,0.052,0.009,0.284,0.07,0.006,0.001,0.0005,0.0003,0,0,0.004
スパゲッティゆで,1.49,0.052,0.009,0.284,0.07,0.006,0.001,0.0005,0.0003,0,0,0.004
生ふ,1.63,0.127,0.008,0.262,0.13,0.013,0,0.0008,0.0003,0,0,0
ふ,3.85,0.285,0.027,0.569,0.33,0.033,0.009,0.0016,0.0007,0,0,0
竹輪ふ,1.71,0.071,0.012,0.311,0.08,0.005,0,0.0001,0.0002,0,0,0
ぎょうざの皮,2.91,0.093,0.014,0.57,0.16,0.008,0.003,0.0008,0.0004,0,0,0
しゅうまいの皮,2.95,0.083,0.014,0.589,0.16,0.006,0.003,0.0009,0.0004,0,0,0
ピザクラス,2.68,0.091,0.03,0.511,0.13,0.008,0.004,0.0015,0.0011,0,0,0.013
生パン粉,2.8,0.11,0.051,0.476,0.25,0.011,0.004,0.0011,0.0002,0,0,0.009
パン粉,3.73,0.146,0.068,0.634,0.33,0.014,0.006,0.0015,0.0003,0,0,0.012
米,3.56,0.061,0.009,0.771,0.05,0.008,0.002,0.0008,0.0002,0,0,0
こめ,3.56,0.061,0.009,0.771,0.05,0.008,0.002,0.0008,0.0002,0,0,0
ごはん,1.68,0.025,0.003,0.371,0.03,0.001,0,0.0002,0.0001,0,0,0
御飯,1.68,0.025,0.003,0.371,0.03,0.001,0,0.0002,0.0001,0,0,0
全粥,0.71,0.011,0.001,0.157,0.01,0,0,0.0001,0,0,0,0
五分粥,0.36,0.005,0.001,0.079,0.01,0,0,0,0,0,0,0
おもゆ,0.21,0.003,0,0.047,0,0,0,0,0,0,0,0
重湯,0.21,0.003,0,0.047,0,0,0,0,0,0,0,0
アルファ化米,3.87,0.058,0.007,0.852,0.07,0.002,0.001,0.0005,0.0002,0,0,0
おにぎり,1.79,0.027,0.003,0.394,0.03,0.001,0,0.0002,0.0001,0,0,0.005
焼きおにぎり,1.81,0.031,0.003,0.395,0.05,0.002,0,0.0003,0.0002,0,0,0.01
きりたんぽ,2.11,0.035,0.012,0.446,0.08,0.007,0.006,0.002,0.0003,0,0,0
上新粉,3.62,0.062,0.009,0.785,0.05,0.008,0.002,0.0009,0.0002,0,0,0
ビーフン,3.77,0.07,0.016,0.799,0.14,0.007,0,0.0006,0.0002,0,0,0
もち,2.35,0.042,0.008,0.503,0.07,0.002,0.001,0.0005,0.0002,0,0,0
赤飯,1.89,0.039,0.004,0.424,0.07,0.004,0.001,0.0005,0.0002,0,0,0
あくまき,1.32,0.023,0.018,0.257,0.06,0.001,0,0,0,0,0,0
白玉粉,3.69,0.063,0.01,0.8,0.05,0.011,0,0.0003,0.0001,0,0,0
道明寺粉,3.72,0.071,0.007,0.804,0.06,0.004,0,0.0004,0.0001,0,0,0
そば粉,3.61,0.12,0.031,0.696,0.17,0.028,0.009,0.0046,0.0011,0,0,0
生そば,2.74,0.098,0.019,0.545,0.18,0.014,0.004,0.0019,0.0009,0,0,0
そば,1.32,0.048,0.01,0.26,0.09,0.008,0.002,0.0005,0.0002,0,0,0
そば乾,3.44,0.14,0.023,0.667,0.24,0.026,0.005,0.0037,0.0008,0,0,0.022
コーンミール,3.63,0.083,0.04,0.724,0.05,0.015,0.015,0.0015,0.0008,0,0,0
コーングリッツ,3.55,0.082,0.01,0.764,0.02,0.003,0.002,0.0006,0.0005,0,0,0
コーンフラワー,3.63,0.066,0.028,0.761,0.03,0.006,0.003,0.0014,0.0006,0,0,0
ジャイアントコーン,4.35,0.057,0.118,0.766,0.08,0.013,0.017,0.0008,0.0002,0,0,0.011
ポップコーン,4.84,0.102,0.228,0.596,0.07,0.043,0.039,0.0013,0.0008,0,0,0.014
コーンフレーク,3.81,0.078,0.017,0.836,0.01,0.009,0.006,0.0003,0.0002,0,0,0.021
はとむぎ,3.6,0.133,0.013,0.722,0.06,0.004,0,0.0002,0.0005,0,0,0
こんにゃく,0.05,0.001,0,0.023,0.43,0.004,0,0,0,0,0,0
しらたき,0.06,0.002,0,0.03,0.75,0.005,0,0,0,0,0,0
さつまいも,1.32,0.012,0.002,0.315,0.4,0.007,0.016,0.0011,0.0003,0.29,0,0
焼きいも,1.63,0.014,0.002,0.39,0.34,0.007,0.013,0.0012,0.0006,0.23,0,0
干しいも,3.03,0.031,0.006,0.719,0.53,0.021,0.013,0.0019,0.0008,0.09,0,0
さといも,0.72,0.022,0.001,0.161,0.2,0.006,0.007,0.0007,0.0001,0.05,0,0
やつがしら,0.97,0.03,0.007,0.205,0.39,0.007,0.01,0.0013,0.0006,0.07,0,0
じゃがいも,0.76,0.016,0.001,0.176,0.03,0.004,0,0.0009,0.0003,0.35,0,0
フライドポテト,3.88,0.029,0.274,0.324,0.04,0.008,0.054,0.0012,0.0006,0.4,0.01,0
マッシュポテト,3.57,0.066,0.006,0.828,0.24,0.031,0.002,0.0025,0.0005,0.05,0,0.002
いちょういも,1.08,0.045,0.005,0.226,0.12,0.006,0.003,0.0015,0.0005,0.07,0,0
ながいも,0.65,0.022,0.003,0.139,0.17,0.004,0.002,0.001,0.0002,0.06,0,0
やまといも,1.23,0.045,0.002,0.271,0.16,0.005,0.002,0.0013,0.0002,0.05,0,0
じねんじょ,1.21,0.028,0.007,0.267,0.1,0.008,0.041,0.0011,0.0004,0.15,0,0
くずでん粉,3.47,0.002,0.002,0.856,0.18,0.02,0,0,0,0,0,0
でん粉,3.3,0.001,0.001,0.816,0.1,0.006,0,0,0,0,0,0
でんぷん,3.3,0.001,0.001,0.816,0.1,0.006,0,0,0,0,0,0
くずきり,3.56,0.002,0.002,0.877,0.19,0.014,0,0,0,0,0,0
ピオカパール,3.51,0.001,0.002,0.867,0.29,0.008,0,0,0,0,0,0
はるさめ,3.42,0.001,0.002,0.845,0.69,0.009,0,0,0,0,0,0
砂糖,3.84,0,0,0.992,0.01,0,0,0,0,0,0,0
さとう,3.84,0,0,0.992,0.01,0,0,0,0,0,0,0
グラニュー糖,3.87,0,0,1,0,0,0,0,0,0,0,0
角砂糖,3.87,0,0,1,0,0.001,0,0,0,0,0,0
氷砂糖,3.87,0,0,1,0,0.001,0,0,0,0,0,0
コーヒーシュガー,3.87,0.001,0,0.999,0.01,0.002,0,0,0,0,0,0
粉あめ,3.81,0,0,0.97,0,0.001,0,0,0,0,0,0
水あめ,3.28,0,0,0.85,0,0.001,0,0,0,0,0,0
はちみつ,2.94,0.002,0,0.797,0.02,0.008,0,0.0001,0.0001,0.03,0,0
メープルシロップ,2.57,0.001,0,0.663,0.75,0.004,0,0,0.0002,0,0,0
あずき,3.39,0.203,0.022,0.587,0.75,0.054,0.006,0.0045,0.0016,0,0,0
小豆缶詰,2.18,0.044,0.004,0.492,0.13,0.013,0.001,0.0002,0.0004,0,0,0.002
小倉缶,2.18,0.044,0.004,0.492,0.13,0.013,0.001,0.0002,0.0004,0,0,0.002
こしあん,1.55,0.098,0.006,0.271,0.25,0.028,0.002,0.0002,0.0005,0,0,0
いんげんまめ,3.33,0.199,0.022,0.578,1.3,0.06,0.003,0.005,0.002,0,0,0
うずら豆,2.37,0.067,0.013,0.496,0.41,0.023,0.001,0.0003,0.0001,0,0,0.003
うずらまめ,2.37,0.067,0.013,0.496,0.41,0.023,0.001,0.0003,0.0001,0,0,0.003
豆きんとん,2.49,0.049,0.005,0.562,0.28,0.01,0.001,0.0001,0.0001,0,0,0.003
まめきんとん,2.49,0.049,0.005,0.562,0.28,0.01,0.001,0.0001,0.0001,0,0,0.003
えんどう,3.52,0.217,0.023,0.604,0.65,0.05,0.008,0.0072,0.0015,0,0,0
うぐいす豆,2.4,0.056,0.007,0.529,0.18,0.025,0.002,0.0002,0.0001,0,0,0.004
うぐいすまめ,2.4,0.056,0.007,0.529,0.18,0.025,0.002,0.0002,0.0001,0,0,0.004
ささげ,3.36,0.239,0.02,0.55,0.75,0.056,0.007,0.005,0.001,0,0,0
そらまめ,3.48,0.26,0.02,0.559,1,0.057,0.012,0.005,0.002,0,0,0
おたふく豆,2.51,0.079,0.012,0.522,0.54,0.053,0.003,0.0001,0.0001,0,0,0.004
おたふくまめ,2.51,0.079,0.012,0.522,0.54,0.053,0.003,0.0001,0.0001,0,0,0.004
ふき豆,2.63,0.096,0.016,0.525,0.39,0.027,0.004,0.0002,0.0001,0,0,0.008
だいず,4.17,0.353,0.19,0.282,2.4,0.094,0.036,0.0083,0.003,0,0,0
大豆,4.17,0.353,0.19,0.282,2.4,0.094,0.036,0.0083,0.003,0,0,0
だいず水煮,1.4,0.129,0.067,0.077,1,0.018,0.013,0.0001,0.0002,0,0,0.005
大豆水煮,1.4,0.129,0.067,0.077,1,0.018,0.013,0.0001,0.0002,0,0,0.005
きな粉,4.37,0.355,0.234,0.31,2.5,0.092,0.024,0.0076,0.0026,0,0,0
きなこ,4.37,0.355,0.234,0.31,2.5,0.092,0.024,0.0076,0.0026,0,0,0
木綿豆腐,0.72,0.066,0.042,0.016,1.2,0.009,0.006,0.0007,0.0003,0,0,0
豆腐,0.72,0.066,0.042,0.016,1.2,0.009,0.006,0.0007,0.0003,0,0,0
とうふ,0.72,0.066,0.042,0.016,1.2,0.009,0.006,0.0007,0.0003,0,0,0
絹ごし豆腐,0.56,0.049,0.03,0.02,0.43,0.008,0.003,0.001,0.0004,0,0,0
ソフト豆腐,0.59,0.051,0.033,0.02,0.91,0.007,0.004,0.0007,0.0003,0,0,0
焼き豆腐,0.88,0.078,0.057,0.01,1.5,0.016,0.006,0.0007,0.0003,0,0,0
生揚げ,1.5,0.107,0.113,0.009,2.4,0.026,0.014,0.0007,0.0003,0,0,0
なまあげ,1.5,0.107,0.113,0.009,2.4,0.026,0.014,0.0007,0.0003,0,0,0
油揚げ,3.86,0.186,0.331,0.025,3,0.042,0.026,0.0006,0.0003,0,0,0
あぶらあげ,3.86,0.186,0.331,0.025,3,0.042,0.026,0.0006,0.0003,0,0,0
がんもどき,2.28,0.153,0.178,0.016,2.7,0.036,0.024,0.0003,0.0004,0,0,0.005
凍り豆腐,5.29,0.494,0.332,0.057,6.6,0.068,0.044,0.0001,0.0001,0,0,0.01
高野豆腐,5.29,0.494,0.332,0.057,6.6,0.068,0.044,0.0001,0.0001,0,0,0.01
納豆,2,0.165,0.1,0.121,0.9,0.033,0.012,0.0007,0.0056,0,0,0
なっとう,2,0.165,0.1,0.121,0.9,0.033,0.012,0.0007,0.0056,0,0,0
おから,0.89,0.048,0.036,0.097,1,0.012,0.006,0.0011,0.0004,0,0,0
調製豆乳,0.64,0.032,0.036,0.048,0.31,0.012,0.026,0.0007,0.0002,0,0,0.001
豆乳,0.64,0.032,0.036,0.048,0.31,0.012,0.026,0.0007,0.0002,0,0,0.001
生湯葉,2.31,0.218,0.137,0.041,0.9,0.036,0.013,0.0017,0.0009,0,0,0
ゆば,2.31,0.218,0.137,0.041,0.9,0.036,0.013,0.0017,0.0009,0,0,0
干し湯葉,5.11,0.532,0.28,0.089,2,0.081,0.019,0.002,0.0008,0,0,0
金山寺みそ,2.56,0.069,0.032,0.5,0.33,0.017,0.001,0.0012,0.0018,0,0,0.051
スライスアーモンド,5.98,0.186,0.542,0.197,2.3,0.047,0.312,0.0024,0.0092,0,0,0
アーモンド,6.06,0.192,0.536,0.223,2.1,0.029,0.296,0.0008,0.0111,0,0,0.003
えごま,5.44,0.177,0.434,0.294,3.9,0.164,0.038,0.0054,0.0029,0,0,0
カシューナッツ,5.76,0.198,0.476,0.267,0.38,0.048,0.011,0.0054,0.0018,0,0,0.006
かぼちゃのたね,5.74,0.265,0.518,0.12,0.44,0.065,0.022,0.0021,0.0019,0,0,0.001
ぎんなん,1.87,0.047,0.017,0.385,0.05,0.01,0.028,0.0028,0.0008,0.23,0,0
ゆでぎんなん,1.66,0.041,0.013,0.345,0.08,0.011,0.016,0.0024,0.0007,0.2,0,0
くり,1.64,0.028,0.005,0.369,0.23,0.008,0.003,0.0021,0.0007,0.33,0,0
ゆでくり,1.67,0.035,0.006,0.367,0.23,0.007,0.003,0.0017,0.0008,0.26,0,0
くり甘露煮,2.38,0.018,0.004,0.568,0.08,0.006,0.002,0.0007,0.0003,0,0,0
甘ぐり,2.25,0.049,0.017,0.477,0.3,0.02,0.013,0.002,0.0018,0.02,0,0
くるみ,6.74,0.146,0.688,0.117,0.85,0.026,0.036,0.0026,0.0015,0,0,0
けし,5.67,0.193,0.491,0.218,17,0.226,0.025,0.0161,0.002,0,0,0
ココナッツパウダー,6.68,0.061,0.658,0.237,0.15,0.028,0,0.0003,0.0003,0,0,0
ごま,5.78,0.198,0.519,0.184,12,0.096,0.024,0.0095,0.0025,0,0,0
いりごま,5.99,0.203,0.542,0.185,12,0.099,0.025,0.0049,0.0023,0,0,0
むきごま,6.03,0.193,0.549,0.188,0.62,0.06,0.033,0.0125,0.0014,0,0,0
しい,2.52,0.032,0.008,0.576,0.62,0.009,0.009,0.0028,0.0009,1.1,0,0
すいかのたね,5.46,0.296,0.464,0.134,0.7,0.053,0.026,0.001,0.0016,0,0,0.015
とち,1.61,0.017,0.019,0.342,1.8,0.004,0.002,0,0,0,0,0.006
ひし,1.9,0.058,0.005,0.406,0.45,0.011,0.024,0.0042,0.0008,0.12,0,0
ピスタチオ,6.15,0.174,0.561,0.209,1.2,0.03,0.04,0.0043,0.0024,0,0,0.007
ひまわりのたね,6.11,0.201,0.563,0.172,0.81,0.036,0.126,0.0172,0.0025,0,0,0.006
ブラジルナッツ,6.69,0.149,0.691,0.096,2,0.026,0.057,0.0088,0.0026,0,0,0.002
ヘーゼルナッツ,6.84,0.136,0.693,0.139,1.3,0.03,0.19,0.0026,0.0028,0,0,0.001
マカダミアナッツ,7.2,0.083,0.767,0.122,0.47,0.013,0,0.0021,0.0009,0,0,0.005
まつのみ,6.9,0.146,0.725,0.081,0.15,0.062,0.135,0.0061,0.0021,0,0,0
らっかせい,5.85,0.265,0.494,0.196,0.5,0.017,0.114,0.0023,0.001,0,0,0
ピーナッツ,5.92,0.255,0.513,0.182,0.5,0.02,0.023,0.002,0.001,0,0,0.003
ピーナッツバター,6.4,0.254,0.507,0.205,0.47,0.016,0.056,0.002,0.0009,0,0,0.009
あさつき,0.33,0.042,0.003,0.056,0.2,0.007,0.011,0.0015,0.0016,0.26,0,0
あしたば,0.33,0.033,0.001,0.067,0.65,0.01,0.028,0.001,0.0024,0.41,0,0.002
アスパラガス,0.24,0.026,0.001,0.046,0.19,0.006,0.016,0.0014,0.0014,0.16,0,0
いんげん,0.26,0.018,0.002,0.055,0.57,0.007,0.002,0.0006,0.001,0.06,0,0
うど,0.14,0.006,0,0.034,0.06,0.001,0.001,0.0001,0.0002,0.03,0,0
やまうど,0.19,0.011,0.001,0.043,0.11,0.003,0.002,0.0003,0.0002,0.05,0,0
えだまめ,1.34,0.115,0.061,0.089,0.76,0.025,0.012,0.0024,0.0013,0.15,0,0
エンダイブ,0.15,0.012,0.002,0.029,0.51,0.006,0.009,0.0006,0.0008,0.07,0,0.001
トウミョウ,0.31,0.048,0.005,0.043,0.18,0.01,0.028,0.0024,0.003,0.74,0,0
きぬさや,0.34,0.032,0.002,0.07,0.36,0.008,0.007,0.0014,0.001,0.44,0,0
スナップえんどう,0.43,0.029,0.001,0.099,0.32,0.006,0.004,0.0013,0.0009,0.43,0,0
グリンピース,0.98,0.056,0.007,0.172,0.26,0.018,0.002,0.0033,0.0013,0.23,0,0.002
おかひじき,0.17,0.012,0.001,0.038,1.5,0.009,0.01,0.0004,0.001,0.15,0,0.002
オクラ,0.33,0.021,0.001,0.076,0.9,0.005,0.012,0.0009,0.0009,0.07,0,0
かぶの葉,0.22,0.023,0.001,0.044,1.9,0.015,0.033,0.0002,0.0005,0.47,0,0.001
かぶ,0.21,0.006,0.001,0.048,0.24,0.002,0,0.0003,0.0003,0.18,0,0
かぶの葉塩もみ,0.29,0.023,0.002,0.06,2.4,0.026,0.03,0.0007,0.0019,0.44,0,0.023
かぶ塩もみ,0.21,0.008,0.001,0.047,0.33,0.003,0,0.0004,0.0003,0.21,0,0.043
かぶぬか漬,0.31,0.014,0.001,0.069,0.26,0.003,0,0.0045,0.0005,0.2,0,0.069
かぼちゃ,0.83,0.022,0.003,0.185,0.25,0.005,0.043,0.0006,0.0009,0.34,0,0
そうめんかぼちゃ,0.24,0.007,0.001,0.061,0.27,0.003,0.002,0.0005,0.0001,0.11,0,0
からしな,0.26,0.033,0.001,0.047,1.4,0.022,0.031,0.0012,0.0027,0.64,0,0.002
からしな漬,0.36,0.04,0.001,0.072,1.5,0.018,0.032,0.0008,0.0028,0.8,0,0.025
カリフラワー,0.26,0.027,0.001,0.051,0.23,0.007,0.002,0.0005,0.0005,0.53,0,0
かんぴょう,2.61,0.071,0.002,0.679,2.5,0.029,0.004,0,0.0004,0,0,0
きく花,0.27,0.014,0,0.065,0.22,0.007,0.047,0.001,0.0011,0.11,0,0
キャベツ,0.23,0.013,0.002,0.052,0.43,0.003,0.001,0.0004,0.0003,0.41,0,0
きゃべつ,0.23,0.013,0.002,0.052,0.43,0.003,0.001,0.0004,0.0003,0.41,0,0
グリーンボール,0.2,0.014,0.001,0.043,0.58,0.004,0.002,0.0005,0.0004,0.47,0,0
レッドキャベツ,0.3,0.02,0.001,0.067,0.4,0.005,0.001,0.0007,0.0003,0.68,0,0
きゅうり,0.14,0.01,0.001,0.03,0.26,0.003,0.003,0.0003,0.0003,0.14,0,0
きゅうり漬,0.16,0.01,0.001,0.037,0.26,0.002,0.003,0.0002,0.0003,0.11,0,0.025
つけもの,0.16,0.01,0.001,0.037,0.26,0.002,0.003,0.0002,0.0003,0.11,0,0.025
漬け物,0.16,0.01,0.001,0.037,0.26,0.002,0.003,0.0002,0.0003,0.11,0,0.025
きゅうりしょうゆ漬,0.5,0.032,0.004,0.108,0.39,0.013,0.006,0.0003,0.0002,0.08,0,0.041
きゅうりぬか漬,0.27,0.015,0.001,0.062,0.22,0.003,0.003,0.0026,0.0005,0.22,0,0.053
ピクルス,0.67,0.003,0.001,0.183,0.25,0.003,0.001,0,0.0001,0,0,0.011
ぎょうじゃにんにく,0.34,0.035,0.002,0.066,0.29,0.014,0.004,0.001,0.0016,0.59,0,0
きょうな,0.22,0.02,0.001,0.047,2,0.02,0.013,0.0004,0.0008,0.19,0,0.001
きょうな漬,0.27,0.02,0.001,0.059,2,0.013,0.011,0.0007,0.0015,0.47,0,0.023
キンサイ,0.19,0.011,0.004,0.035,1.4,0.005,0.012,0.0003,0.0006,0.07,0,0.001
クレソン,0.15,0.021,0.001,0.025,1.1,0.011,0.016,0.001,0.002,0.26,0,0.001
くわい,1.28,0.062,0.001,0.272,0.05,0.008,0.031,0.001,0.0006,0,0,0
ケール,0.28,0.021,0.004,0.056,2.2,0.008,0.024,0.0006,0.0015,0.81,0,0
こごみ,0.28,0.03,0.002,0.053,0.26,0.006,0.018,0,0.0012,0.27,0,0
ごぼう,0.58,0.015,0.002,0.137,0.48,0.007,0.006,0.0003,0.0002,0.01,0,0
こまつな,0.15,0.016,0.001,0.03,1.5,0.021,0.015,0.0004,0.0006,0.21,0,0
ザーサイ,0.23,0.025,0.001,0.046,1.4,0.029,0.002,0.0004,0.0007,0,0,0.137
さんとうさい,0.16,0.014,0.003,0.029,1.3,0.006,0.009,0.0002,0.0005,0.22,0,0
さんとうさい漬,0.2,0.015,0.003,0.04,1.9,0.006,0.01,0.0004,0.0012,0.44,0,0.023
ししとうがらし,0.27,0.019,0.003,0.057,0.11,0.005,0.013,0.0007,0.0007,0.57,0,0
しそ,0.37,0.039,0.001,0.075,2.3,0.017,0.039,0.0013,0.0034,0.26,0,0
しその実,0.41,0.034,0.001,0.089,1,0.012,0.039,0.0009,0.0016,0.05,0,0
しゅんぎく,0.27,0.027,0.005,0.045,1.2,0.012,0.02,0.0005,0.0008,0.05,0,0.001
じゅんさい,0.05,0.004,0,0.01,0.04,0,0.001,0,0.0002,0,0,0
葉しょうが,0.11,0.005,0.002,0.021,0.15,0.004,0.002,0.0002,0.0003,0.03,0,0
しょうが,0.3,0.009,0.003,0.066,0.12,0.005,0.002,0.0003,0.0002,0.02,0,0
しょうが酢漬,0.19,0.002,0.004,0.04,0.67,0.009,0.001,0,0,0,0,0.071
しょうが甘酢漬,0.51,0.002,0.003,0.125,0.36,0.005,0.001,0,0,0,0,0.03
ズッキーニ,0.14,0.013,0.001,0.028,0.24,0.005,0.004,0.0005,0.0005,0.2,0,0
せり,0.18,0.021,0.001,0.034,0.38,0.013,0.007,0.0002,0.0006,0.1,0,0
セロリ,0.15,0.01,0.001,0.032,0.39,0.002,0.002,0.0003,0.0003,0.07,0,0.001
ぜんまい,0.21,0.011,0.004,0.041,0.19,0.003,0.005,0.0001,0.0005,0.02,0,0
そらまめ,1.12,0.105,0.002,0.169,0.22,0.021,0.002,0.0022,0.0018,0.18,0,0
タアサイ,0.13,0.011,0.002,0.023,1.1,0.006,0.017,0.0002,0.0003,0.14,0,0.001
かいわれだいこん,0.21,0.021,0.005,0.033,0.54,0.005,0.022,0.0008,0.0013,0.47,0,0
だいこん葉,0.25,0.022,0.001,0.053,2.6,0.031,0.038,0.0009,0.0016,0.53,0,0.001
だいこん,0.18,0.004,0.001,0.041,0.23,0.002,0,0.0002,0.0001,0.11,0,0
切干だいこん,2.79,0.057,0.005,0.675,5.4,0.097,0,0.0033,0.002,0.03,0,0.007
切干しだいこん,2.79,0.057,0.005,0.675,5.4,0.097,0,0.0033,0.002,0.03,0,0.007
切干大根,2.79,0.057,0.005,0.675,5.4,0.097,0,0.0033,0.002,0.03,0,0.007
だいこんぬか漬,0.3,0.013,0.001,0.067,0.44,0.003,0,0.0033,0.0004,0.15,0,0.038
たくあん,0.27,0.019,0.001,0.055,0.76,0.01,0,0.0021,0.0003,0.12,0,0.025
守口漬,1.87,0.053,0.002,0.443,0.26,0.007,0,0.0005,0.0017,0,0,0.036
べったら漬,0.57,0.009,0.001,0.14,0.2,0.004,0,0.0003,0.0002,0.45,0,0.03
福神漬,1.36,0.027,0.001,0.333,0.36,0.013,0.001,0.0002,0.001,0,0,0.051
つまみな,0.2,0.019,0.003,0.036,2.1,0.033,0.014,0.0006,0.0014,0.47,0,0.001
たかな,0.21,0.018,0.002,0.042,0.87,0.017,0.008,0.0006,0.001,0.69,0,0.001
たかな漬,0.33,0.028,0.002,0.07,1.5,0.021,0.014,0.0007,0.0014,0.3,0,0.058
たけのこ,0.23,0.027,0.002,0.04,0.19,0.003,0.011,0.0001,0.0004,0,0,0
しなちく,0.19,0.01,0.005,0.036,0.18,0.002,0,0,0,0,0,0.009
たまねぎ,0.37,0.01,0.001,0.088,0.21,0.002,0.001,0.0003,0.0001,0.08,0.01,0
たまねぎ水さらし,0.26,0.006,0.001,0.061,0.18,0.002,0,0.0003,0.0001,0.05,0,0
ゆでたまねぎ,0.31,0.008,0.001,0.073,0.18,0.002,0,0.0003,0.0001,0.05,0,0
赤たまねぎ,0.38,0.009,0.001,0.09,0.19,0.003,0.001,0.0003,0.0002,0.07,0,0
たらのめ,0.27,0.042,0.002,0.043,0.16,0.009,0.026,0.0015,0.002,0.07,0,0
チコリー,0.16,0.01,0,0.039,0.24,0.002,0.002,0.0006,0.0002,0.02,0,0
チンゲンサイ,0.12,0.009,0.001,0.024,1.2,0.007,0.009,0.0003,0.0005,0.15,0,0.001
つくし,0.33,0.034,0.001,0.067,0.58,0.011,0.036,0,0.001,0.15,0,0
つるな,0.15,0.018,0.001,0.028,0.48,0.03,0.013,0.0008,0.003,0.22,0,0
つるむらさき,0.15,0.009,0.002,0.032,1.8,0.004,0.013,0.0002,0.0005,0.18,0,0
とうがらし,3.45,0.147,0.12,0.584,0.74,0.068,0.307,0.005,0.014,0.01,0,0
とうがん,0.16,0.006,0.001,0.037,0.22,0.003,0.001,0.0001,0.0001,0.27,0,0
コーン,0.97,0.035,0.015,0.187,0.04,0.006,0.002,0.0012,0.0009,0.06,0,0
クリームコーン,0.84,0.017,0.005,0.186,0.02,0.004,0.001,0.0002,0.0005,0.03,0,0.007
ヤングコーン ,0.29,0.023,0.002,0.06,0.19,0.004,0.005,0.0009,0.0011,0.09,0,0
トマト,0.19,0.007,0.001,0.047,0.07,0.002,0.009,0.0005,0.0002,0.15,0,0
とまと,0.19,0.007,0.001,0.047,0.07,0.002,0.009,0.0005,0.0002,0.15,0,0
ミニトマト,0.29,0.011,0.001,0.072,0.12,0.004,0.009,0.0007,0.0005,0.32,0,0
トマト缶,0.2,0.009,0.002,0.044,0.09,0.004,0.013,0.0006,0.0003,0.1,0,0
トマトジュース,0.17,0.007,0.001,0.04,0.06,0.003,0.007,0.0004,0.0004,0.06,0,0.006
無塩トマトジュース,0.17,0.007,0.001,0.04,0.06,0.003,0.007,0.0004,0.0004,0.06,0,0
トマトミックスジュース,0.17,0.006,0,0.043,0.11,0.003,0.008,0.0003,0.0003,0.03,0,0.006
無塩トマトミックスジュース,0.17,0.006,0,0.043,0.11,0.003,0.008,0.0003,0.0003,0.03,0,0
とんぶり,0.9,0.061,0.035,0.129,0.15,0.028,0.047,0.0011,0.0017,0.01,0,0
なす,0.22,0.011,0.001,0.051,0.18,0.003,0.003,0.0005,0.0005,0.04,0.01,0
べいなす,0.22,0.011,0.001,0.053,0.1,0.004,0.003,0.0004,0.0004,0.06,0,0
なす漬,0.23,0.014,0.001,0.052,0.18,0.006,0.003,0.0003,0.0004,0.07,0,0.022
なすぬか漬,0.27,0.017,0.001,0.061,0.21,0.005,0.003,0.001,0.0004,0.08,0,0.025
なすこうじ漬,0.79,0.055,0.001,0.182,0.65,0.014,0.005,0.0003,0.0005,0,0,0.066
なすからし漬,1.18,0.026,0.002,0.307,0.71,0.015,0.002,0.0006,0.0004,0.87,0,0.048
しば漬,0.3,0.014,0.002,0.07,0.3,0.017,0.007,0,0.0002,0,0,0.041
なずな,0.36,0.043,0.001,0.07,2.9,0.024,0.025,0.0015,0.0027,1.1,0,0
なのはな,0.28,0.047,0.001,0.043,1.4,0.017,0.029,0.0007,0.0014,0.44,0,0
にがうり,0.17,0.01,0.001,0.039,0.14,0.004,0.009,0.0005,0.0007,0.76,0,0
にら,0.31,0.026,0.005,0.057,0.51,0.007,0.032,0.0004,0.0012,0.11,0,0
花にら,0.27,0.019,0.002,0.059,0.22,0.005,0.01,0.0007,0.0008,0.23,0,0
黄にら,0.18,0.021,0.001,0.033,0.15,0.007,0.003,0.0005,0.0008,0.15,0,0
にんじん葉,0.18,0.011,0.002,0.037,0.92,0.009,0.011,0.0006,0.0012,0.22,0,0.001
にんじん,0.37,0.006,0.001,0.09,0.27,0.002,0.005,0.0004,0.0004,0.04,0,0.001
ゆでにんじん,0.39,0.006,0.001,0.096,0.3,0.002,0.005,0.0003,0.0004,0.02,0,0.001
にんじんジュース,0.28,0.006,0.001,0.067,0.1,0.002,0.002,0.0003,0.0004,0.01,0,0
ミニキャロット,0.32,0.007,0.002,0.075,0.3,0.003,0.006,0.0004,0.0003,0.04,0,0
にんにく,1.34,0.06,0.013,0.263,0.14,0.008,0.005,0.0019,0.0007,0.1,0,0
茎にんにく,0.44,0.017,0.002,0.107,0.4,0.005,0.008,0.001,0.0007,0.39,0,0
ねぎ,0.28,0.005,0.001,0.072,0.31,0.002,0.001,0.0004,0.0004,0.11,0.02,0
葉ねぎ,0.31,0.015,0.003,0.07,0.54,0.007,0.009,0.0005,0.0009,0.31,0,0
こねぎ,0.27,0.02,0.003,0.054,1,0.01,0.013,0.0008,0.0014,0.44,0,0
のざわな漬,0.18,0.012,0.001,0.041,1.3,0.004,0.007,0.0005,0.0011,0.27,0,0.015
のざわな調味漬,0.23,0.017,0,0.054,0.94,0.007,0.013,0.0003,0.0011,0.26,0,0.024
のびる,0.65,0.032,0.002,0.155,1,0.026,0.013,0.0008,0.0022,0.6,0,0
はくさい,0.14,0.008,0.001,0.032,0.43,0.003,0.002,0.0003,0.0003,0.19,0,0
ゆではくさい,0.13,0.009,0.001,0.029,0.43,0.003,0.001,0.0001,0.0001,0.1,0,0
はくさい漬,0.17,0.013,0.001,0.035,0.42,0.003,0.002,0.0003,0.0003,0.24,0,0.023
キムチ ,0.46,0.028,0.003,0.079,0.48,0.006,0.005,0.0005,0.0014,0.24,0,0.022
パクチョイ,0.15,0.016,0.002,0.027,1,0.008,0.009,0.0007,0.0012,0.45,0,0
バジル,0.24,0.02,0.006,0.04,2.4,0.015,0.035,0.0008,0.0019,0.16,0,0
パセリ,0.44,0.037,0.007,0.082,2.9,0.075,0.034,0.0012,0.0024,1.2,0,0
はつかだいこん,0.15,0.008,0.001,0.031,0.21,0.003,0,0.0002,0.0002,0.12,0,0
はやとうり,0.2,0.006,0.001,0.049,0.12,0.003,0.002,0.0002,0.0003,0.11,0,0
はやとうり漬,0.17,0.006,0,0.044,0.08,0.002,0.001,0.0002,0.0004,0.09,0,0.036
ピーマン,0.22,0.009,0.002,0.051,0.11,0.004,0.008,0.0003,0.0003,0.76,0,0
赤ピーマン,0.3,0.01,0.002,0.072,0.07,0.004,0.043,0.0006,0.0014,1.7,0,0
黄ピーマン,0.27,0.008,0.002,0.066,0.08,0.003,0.024,0.0004,0.0003,1.5,0,0
トマピー,0.31,0.01,0.002,0.075,0.08,0.004,0.043,0.0005,0.0009,2,0,0
ふき,0.08,0.003,0,0.019,0.34,0.001,0.002,0,0.0001,0,0,0.001
ふきのと,0.43,0.025,0.001,0.1,0.61,0.013,0.033,0.001,0.0017,0.14,0,0
ブロッコリー,0.27,0.035,0.004,0.043,0.33,0.007,0.017,0.0006,0.0009,0.54,0,0
ほうれんそう,0.25,0.026,0.005,0.04,0.69,0.009,0.027,0.0005,0.0011,0.19,0,0
ホウレンソウ,0.25,0.026,0.005,0.04,0.69,0.009,0.027,0.0005,0.0011,0.19,0,0
ほうれん草,0.25,0.026,0.005,0.04,0.69,0.009,0.027,0.0005,0.0011,0.19,0,0
ほうれんそう夏,0.25,0.026,0.005,0.04,0.69,0.009,0.027,0.0005,0.0011,0.1,0,0
ほうれんそう冬,0.25,0.026,0.005,0.04,0.69,0.009,0.027,0.0005,0.0011,0.3,0,0
ラディシュ,0.79,0.031,0.003,0.177,1.1,0.01,0,0.001,0.001,0.73,0,0
まこも,0.21,0.013,0.002,0.044,0.02,0.002,0,0.0004,0.0003,0.06,0,0
みつば,0.17,0.011,0,0.04,0.56,0.006,0.013,0.0002,0.0008,0.04,0,0
みょうが,0.12,0.009,0.001,0.026,0.25,0.005,0.002,0.0005,0.0005,0.02,0,0
みょうがたけ,0.07,0.004,0.001,0.015,0.11,0.003,0.001,0.0002,0.0002,0.01,0,0
むかご,0.93,0.029,0.002,0.206,0.05,0.006,0.004,0.0011,0.0002,0.09,0,0
めキャベツ,0.49,0.053,0.001,0.098,0.36,0.01,0.005,0.0013,0.0016,1.1,0,0
めたで,0.43,0.03,0.005,0.088,0.49,0.023,0.049,0.0015,0.0021,0.67,0,0
アルファルファもやし,0.12,0.016,0.001,0.02,0.14,0.005,0.019,0.0007,0.0009,0.05,0,0
もやし,0.34,0.029,0.016,0.022,0.24,0.004,0.008,0.0004,0.0004,0.01,0,0
モロヘイヤ,0.25,0.03,0.004,0.04,1.7,0.006,0.034,0.0006,0.0013,0.11,0,0
やまごぼうみそ漬,0.72,0.041,0.001,0.156,0.23,0.013,0.006,0.0002,0.001,0,0,0.071
ゆりね,1.26,0.034,0.001,0.287,0.1,0.009,0.005,0.0007,0.0007,0.08,0,0
よもぎ,0.42,0.048,0.001,0.082,1.4,0.03,0.035,0.0008,0.0009,0.02,0,0
らっかせい,2.88,0.119,0.235,0.123,0.24,0.009,0.072,0.003,0.0013,0.19,0,0
らっきょう,1.15,0.007,0.002,0.29,0.15,0.011,0.002,0.0001,0.0001,0,0,0.022
エシャロット,0.76,0.023,0.002,0.178,0.2,0.008,0.004,0.0003,0.0005,0.21,0,0
レタス,0.12,0.006,0.001,0.028,0.19,0.003,0.003,0.0005,0.0003,0.05,0,0
サラダな,0.14,0.017,0.002,0.022,0.56,0.024,0.016,0.0006,0.0013,0.14,0,0
リーフレタス,0.16,0.014,0.001,0.033,0.58,0.01,0.014,0.001,0.001,0.21,0,0
サニーレタス,0.16,0.012,0.002,0.032,0.66,0.018,0.013,0.001,0.001,0.17,0,0
れんこん,0.66,0.013,0.001,0.161,0.2,0.004,0.006,0.0006,0,0.18,0,0
わけぎ,0.3,0.016,0,0.074,0.59,0.004,0.014,0.0006,0.001,0.37,0,0
わさび,0.88,0.056,0.002,0.184,1,0.008,0.014,0.0006,0.0015,0.75,0,0.001
わさび漬,1.45,0.071,0.005,0.28,0.4,0.009,0.001,0.0008,0.0017,0.01,0,0.025
わらび,0.15,0.015,0.001,0.03,0.31,0.006,0.013,0,0.0005,0,0,0
あけび,0.82,0.005,0.001,0.22,0.11,0.003,0.002,0.0007,0.0003,0.65,0,0
アセロラ,0.36,0.007,0.001,0.09,0.11,0.005,0.009,0.0003,0.0004,17,0,0
アセロラ飲料,0.42,0.001,0,0.105,0.01,0.001,0.001,0,0,1.2,0,0
アボカド,1.87,0.025,0.187,0.062,0.09,0.007,0.034,0.001,0.0021,0.15,0,0
あんず,0.36,0.01,0.003,0.085,0.09,0.003,0.017,0.0002,0.0002,0.03,0,0
アンズ,0.36,0.01,0.003,0.085,0.09,0.003,0.017,0.0002,0.0002,0.03,0,0
乾燥あんず,2.88,0.092,0.004,0.704,0.7,0.023,0.014,0,0.0003,0,0,0
アンズ缶,0.81,0.005,0.004,0.189,0.18,0.002,0.009,0.0001,0.0001,0,0,0
アンズジャム,2.62,0.003,0.001,0.649,0.08,0.002,0.004,0.0001,0,0,0,0
低糖アンズジャム,2.05,0.004,0.001,0.505,0.11,0.003,0.005,0.0001,0.0001,0,0,0
いちご,0.34,0.009,0.001,0.085,0.17,0.003,0.004,0.0003,0.0002,0.62,0,0
イチゴ,0.34,0.009,0.001,0.085,0.17,0.003,0.004,0.0003,0.0002,0.62,0,0
いちごジャム,2.56,0.004,0.001,0.633,0.09,0.002,0.001,0.0001,0.0001,0.09,0,0
イチゴジャム,2.56,0.004,0.001,0.633,0.09,0.002,0.001,0.0001,0.0001,0.09,0,0
低糖イチゴジャム,1.97,0.005,0.001,0.484,0.12,0.004,0.002,0.0001,0.0001,0.1,0,0
イチジク,0.54,0.006,0.001,0.143,0.26,0.003,0.004,0.0003,0.0003,0.02,0,0
いよかん,0.46,0.009,0.001,0.118,0.17,0.002,0.001,0.0006,0.0003,0.35,0,0
イヨカン,0.46,0.009,0.001,0.118,0.17,0.002,0.001,0.0006,0.0003,0.35,0,0
梅干し,0.33,0.009,0.002,0.105,0.65,0.01,0.005,0.0002,0.0001,0,0,0.221
梅干し調味漬,0.96,0.015,0.006,0.211,0.25,0.024,0.003,0.0001,0.0001,0,0,0.076
うめびしお,0.41,0.009,0.001,0.105,0.31,0.07,0.002,0.0003,0.0003,0,0,0.076
うめ飲料,0.49,0,0,0.123,0.01,0.002,0.001,0,0,0,0,0.001
みかん,0.45,0.005,0.001,0.119,0.17,0.001,0.004,0.0007,0.0004,0.35,0,0
ミカン,0.45,0.005,0.001,0.119,0.17,0.001,0.004,0.0007,0.0004,0.35,0,0
みかんストレートジュース,0.41,0.005,0.001,0.106,0.08,0.002,0.002,0.0006,0.0001,0.29,0,0
みかん濃縮還元ジュース,0.38,0.005,0.001,0.099,0.06,0.001,0.002,0.0006,0.0004,0.3,0,0
ミカンジュース,0.38,0.005,0.001,0.099,0.06,0.001,0.002,0.0006,0.0004,0.3,0,0
みかん果粒入りジュース,0.47,0.002,0,0.13,0.05,0.001,0.001,0.0002,0.0001,0.12,0,0
みかん50%果汁入り飲料,0.6,0.002,0,0.147,0.04,0.001,0.001,0.0003,0.0001,0.18,0,0
みかん20%果汁入り飲料,0.5,0.001,0,0.124,0.02,0.001,0.001,0.0001,0.0001,0.07,0,0
みかん缶,0.64,0.005,0.001,0.153,0.08,0.004,0.005,0.0005,0.0002,0.15,0,0
ミカン缶,0.64,0.005,0.001,0.153,0.08,0.004,0.005,0.0005,0.0002,0.15,0,0
ミカン缶汁,0.63,0.003,0.001,0.153,0.05,0.003,0,0.0004,0.0002,0.15,0,0
バレンシアオレンジ,0.39,0.01,0.001,0.098,0.21,0.003,0.003,0.001,0.0003,0.4,0,0
オレンジストレートジュース,0.42,0.008,0,0.11,0.09,0.001,0.002,0.0007,0.0001,0.22,0,0
オレンジジュース,0.42,0.007,0.001,0.107,0.09,0.001,0.003,0.0007,0.0002,0.42,0,0
オレンジ濃縮還元ジュース,0.42,0.007,0.001,0.107,0.09,0.001,0.003,0.0007,0.0002,0.42,0,0
オレンジ50%果汁入り飲料,0.47,0.004,0.002,0.108,0.05,0.001,0.001,0.0004,0.0001,0.16,0,0
オレンジ30%果汁入り飲料,0.41,0.002,0,0.1,0.03,0,0.001,0.0002,0.0001,0.1,0,0
マーマレード,2.55,0.002,0.001,0.632,0.16,0.001,0.003,0.0001,0,0.05,0,0
低糖マーマレード,1.93,0.003,0.001,0.477,0.19,0.002,0.004,0.0001,0,0.04,0,0
柿,0.6,0.004,0.002,0.159,0.09,0.002,0.001,0.0003,0.0002,0.7,0,0
カキ,0.6,0.004,0.002,0.159,0.09,0.002,0.001,0.0003,0.0002,0.7,0,0
干し柿,2.76,0.015,0.017,0.713,0.27,0.006,0.004,0.0002,0,0.02,0,0
かぼす,0.25,0.004,0.001,0.085,0.07,0.001,0.001,0.0002,0.0002,0.42,0,0
カボス,0.25,0.004,0.001,0.085,0.07,0.001,0.001,0.0002,0.0002,0.42,0,0
カリン,0.68,0.004,0.001,0.183,0.12,0.003,0.006,0.0001,0.0003,0.25,0,0
キウイフルーツ,0.53,0.01,0.001,0.135,0.33,0.003,0.013,0.0001,0.0002,0.69,0,0
キワノ,0.41,0.015,0.009,0.08,0.1,0.004,0.009,0.0003,0.0001,0.02,0,0
きんかん,0.71,0.005,0.007,0.175,0.8,0.003,0.026,0.001,0.0006,0.49,0,0
キンカン,0.71,0.005,0.007,0.175,0.8,0.003,0.026,0.001,0.0006,0.49,0,0
グァバ,0.38,0.006,0.001,0.099,0.08,0.001,0.003,0.0003,0.0004,2.2,0,0
グァバジュース,0.51,0.001,0.001,0.123,0.03,0.002,0.001,0,0.0001,0.19,0,0
グズベリー,0.52,0.01,0.001,0.132,0.14,0.013,0.01,0.0002,0.0002,0.22,0,0
グミ,0.68,0.013,0.002,0.172,0.1,0.002,0.023,0.0001,0.0004,0.05,0,0
グレープフルーツ,0.38,0.009,0.001,0.096,0.15,0,0.003,0.0007,0.0003,0.36,0,0
グレープフルーツルビー,0.38,0.009,0.001,0.096,0.15,0,0.003,0.0007,0.0003,0.36,0,0
グレープフルーツストレートジュース,0.4,0.006,0.001,0.103,0.09,0.001,0.002,0.0004,0.0001,0.38,0,0
グレープフルーツ濃縮還元ジュース,0.35,0.007,0.001,0.088,0.09,0.001,0.002,0.0006,0.0002,0.53,0,0
グレープフルーツジュース,0.35,0.007,0.001,0.088,0.09,0.001,0.002,0.0006,0.0002,0.53,0,0
グレープフルーツ50%果汁入り飲料,0.46,0.003,0,0.111,0.07,0.001,0.001,0.0002,0,0.19,0,0
グレープフルーツ20%果汁入り飲料,0.39,0.001,0,0.097,0.03,0.001,0.002,0,0,0.08,0,0
グレープフルーツ缶,0.7,0.005,0,0.171,0.13,0.001,0.001,0.0003,0,0.26,0,0
ココナッツミルク,0.2,0.002,0.001,0.05,0.11,0.001,0,0.0001,0.0001,0.02,0,0
ゴレンシ,0.3,0.007,0.001,0.075,0.05,0.002,0.003,0.0003,0.0002,0.12,0,0
さくらんぼ,0.6,0.01,0.002,0.152,0.13,0.003,0.005,0.0003,0.0003,0.1,0,0
サクランボ,0.6,0.01,0.002,0.152,0.13,0.003,0.005,0.0003,0.0003,0.1,0,0
アメリカンチェリー,0.66,0.012,0.001,0.171,0.15,0.003,0.005,0.0003,0.0003,0.09,0,0
サクランボ缶,0.74,0.006,0.001,0.176,0.1,0.004,0.005,0.0001,0.0001,0.07,0,0
ざくろ,0.56,0.002,0,0.155,0.08,0.001,0.001,0.0001,0.0001,0.1,0,0
ザクロ,0.56,0.002,0,0.155,0.08,0.001,0.001,0.0001,0.0001,0.1,0,0
さんぼうかん,0.44,0.007,0.003,0.109,0.23,0.002,0.002,0.0007,0.0003,0.39,0,0
サンポウカン,0.44,0.007,0.003,0.109,0.23,0.002,0.002,0.0007,0.0003,0.39,0,0
すいか,0.37,0.006,0.001,0.095,0.04,0.002,0.001,0.0003,0.0002,0.1,0,0
スイカ,0.37,0.006,0.001,0.095,0.04,0.002,0.001,0.0003,0.0002,0.1,0,0
すだち,0.2,0.005,0.001,0.066,0.16,0.002,0.003,0.0003,0.0002,0.4,0,0
スダチ,0.2,0.005,0.001,0.066,0.16,0.002,0.003,0.0003,0.0002,0.4,0,0
すもも,0.44,0.006,0.01,0.094,0.05,0.002,0.006,0.0002,0.0002,0.04,0,0
スモモ,0.44,0.006,0.01,0.094,0.05,0.002,0.006,0.0002,0.0002,0.04,0,0
プルーン,0.49,0.007,0.001,0.126,0.06,0.002,0.013,0.0003,0.0003,0.04,0,0
だいだい,0.24,0.003,0.002,0.08,0.1,0.001,0.001,0.0003,0.0002,0.35,0,0
ダイダイ,0.24,0.003,0.002,0.08,0.1,0.001,0.001,0.0003,0.0002,0.35,0,0
タンゴール,0.5,0.009,0.001,0.127,0.07,0,0.003,0.0009,0.0003,0.53,0,0
ドリアン,1.33,0.023,0.033,0.271,0.05,0.003,0.023,0.0033,0.002,0.31,0,0
なし,0.43,0.003,0.001,0.113,0.02,0,0.001,0.0002,0,0.03,0,0
ナシ,0.43,0.003,0.001,0.113,0.02,0,0.001,0.0002,0,0.03,0,0
なし缶,0.78,0.001,0.001,0.191,0.03,0.002,0.001,0,0,0,0,0
ナシ缶,0.78,0.001,0.001,0.191,0.03,0.002,0.001,0,0,0,0,0
洋なし,0.54,0.003,0.001,0.144,0.05,0.001,0.003,0.0002,0.0001,0.03,0,0
洋ナシ,0.54,0.003,0.001,0.144,0.05,0.001,0.003,0.0002,0.0001,0.03,0,0
洋なし缶,0.85,0.002,0.001,0.207,0.04,0.001,0.002,0.0001,0.0002,0,0,0
洋ナシ缶,0.85,0.002,0.001,0.207,0.04,0.001,0.002,0.0001,0.0002,0,0,0
なつみかん,0.4,0.009,0.001,0.1,0.16,0.002,0.003,0.0008,0.0003,0.38,0,0
ナツミカン,0.4,0.009,0.001,0.1,0.16,0.002,0.003,0.0008,0.0003,0.38,0,0
ナツミカン缶,0.81,0.005,0.001,0.194,0.11,0.001,0.002,0.0004,0,0.14,0,0
なつみかん缶,0.81,0.005,0.001,0.194,0.11,0.001,0.002,0.0004,0,0.14,0,0
パイン,0.51,0.006,0.001,0.134,0.1,0.002,0,0.0008,0.0002,0.27,0,0
パインストレートジュース,0.41,0.003,0.001,0.11,0.22,0.004,0,0.0004,0.0001,0.06,0,0
パイン濃縮還元ジュース,0.41,0.001,0.001,0.111,0.09,0.003,0,0.0005,0.0002,0.05,0,0
パインジュース,0.41,0.001,0.001,0.111,0.09,0.003,0,0.0005,0.0002,0.05,0,0
パイン50%果汁入り飲料,0.51,0.003,0.001,0.121,0.06,0.001,0,0.0003,0.0001,0.03,0,0
パイン10%果汁入り飲料,0.5,0,0,0.124,0.02,0.002,0,0,0,0,0,0
パイン缶詰,0.84,0.004,0.001,0.203,0.07,0.003,0,0.0007,0.0001,0.07,0,0
ハスカップ,0.53,0.007,0.006,0.128,0.38,0.006,0.011,0.0002,0.0003,0.44,0,0
はっさく,0.45,0.008,0.001,0.115,0.13,0.001,0.003,0.0006,0.0003,0.4,0,0
ハッサク,0.45,0.008,0.001,0.115,0.13,0.001,0.003,0.0006,0.0003,0.4,0,0
パッションフルーツ,0.64,0.008,0.004,0.162,0.04,0.006,0.002,0.0001,0.0009,0.16,0,0
バナナ,0.86,0.011,0.002,0.225,0.06,0.003,0.005,0.0005,0.0004,0.16,0,0
パパイヤ,0.38,0.005,0.002,0.095,0.2,0.002,0.003,0.0002,0.0004,0.5,0,0
ピタヤ,0.5,0.014,0.003,0.118,0.06,0.003,0.004,0.0008,0.0006,0.07,0,0
びわ,0.4,0.003,0.001,0.106,0.13,0.001,0.002,0.0002,0.0003,0.05,0,0
ビワ,0.4,0.003,0.001,0.106,0.13,0.001,0.002,0.0002,0.0003,0.05,0,0
びわ缶,0.81,0.003,0.001,0.198,0.22,0.001,0.002,0.0001,0.0001,0,0,0
ビワ缶,0.81,0.003,0.001,0.198,0.22,0.001,0.002,0.0001,0.0001,0,0,0
ぶどう,0.59,0.004,0.001,0.157,0.06,0.001,0.001,0.0004,0.0001,0.02,0,0
ブドウ,0.59,0.004,0.001,0.157,0.06,0.001,0.001,0.0004,0.0001,0.02,0,0
干しぶどう,3.01,0.027,0.002,0.807,0.65,0.023,0.006,0.0012,0.0003,0,0,0
レーズン,3.01,0.027,0.002,0.807,0.65,0.023,0.006,0.0012,0.0003,0,0,0
ぶどうストレートジュース,0.55,0.003,0.002,0.145,0.03,0.001,0,0.0002,0.0001,0,0,0
ぶどう濃縮還元ジュース,0.47,0.003,0.003,0.121,0.05,0.003,0,0.0002,0,0,0,0
ブドウジュース,0.47,0.003,0.003,0.121,0.05,0.003,0,0.0002,0,0,0,0
ぶどう70%果汁入り飲料,0.52,0.002,0,0.129,0.04,0.001,0,0,0,0,0,0
ぶどう10%果汁入り飲料,0.52,0,0,0.131,0.03,0.001,0,0,0,0,0,0
ぶどう缶,0.84,0.004,0.001,0.204,0.1,0.009,0.002,0.0002,0.0001,0,0,0
ブドウ缶,0.84,0.004,0.001,0.204,0.1,0.009,0.002,0.0002,0.0001,0,0,0
ぶどうジャム,1.93,0.005,0.001,0.475,0.16,0.033,0.002,0.0002,0.0001,0,0,0
ブドウジャム,1.93,0.005,0.001,0.475,0.16,0.033,0.002,0.0002,0.0001,0,0,0
ブルーベリー,0.49,0.005,0.001,0.129,0.08,0.002,0.017,0.0003,0.0003,0.09,0,0
ブルーベリージャム,1.81,0.007,0.003,0.438,0.08,0.003,0.02,0.0003,0.0002,0.03,0,0
ぶんたん,0.38,0.007,0.001,0.098,0.13,0.001,0.005,0.0003,0.0004,0.45,0,0
ブンタン,0.38,0.007,0.001,0.098,0.13,0.001,0.005,0.0003,0.0004,0.45,0,0
ぽんかん,0.4,0.009,0.001,0.099,0.16,0.001,0.002,0.0008,0.0004,0.4,0,0
ポンカン,0.4,0.009,0.001,0.099,0.16,0.001,0.002,0.0008,0.0004,0.4,0,0
マンゴー,0.64,0.006,0.001,0.169,0.15,0.002,0.018,0.0004,0.0006,0.2,0,0
マンゴスチン,0.67,0.006,0.002,0.175,0.06,0.001,0.007,0.0011,0.0003,0.03,0,0
メロン,0.42,0.01,0.001,0.104,0.06,0.002,0.002,0.0005,0.0002,0.25,0,0
もも,0.4,0.006,0.001,0.102,0.04,0.001,0.007,0.0001,0.0001,0.08,0,0
モモ,0.4,0.006,0.001,0.102,0.04,0.001,0.007,0.0001,0.0001,0.08,0,0
もも30%果汁入り飲料,0.48,0.002,0.001,0.116,0.02,0.002,0.004,0,0.0001,0.02,0,0
白桃缶詰,0.85,0.005,0.001,0.206,0.03,0.002,0.012,0.0001,0.0002,0.02,0,0
黄桃缶,0.85,0.005,0.001,0.206,0.03,0.002,0.012,0.0001,0.0002,0.02,0,0
モモ缶,0.85,0.005,0.001,0.206,0.03,0.002,0.012,0.0001,0.0002,0.02,0,0
もも缶汁,0.81,0.003,0.001,0.198,0.02,0.002,0,0.0001,0.0001,0.02,0,0
モモ缶汁,0.81,0.003,0.001,0.198,0.02,0.002,0,0.0001,0.0001,0.02,0,0
ネクタリン,0.43,0.007,0.003,0.107,0.05,0.002,0.014,0.0002,0.0003,0.1,0,0
やまもも,0.44,0.005,0.002,0.113,0.04,0.004,0.003,0.0004,0.0003,0.04,0,0
ヤマモモ,0.44,0.005,0.002,0.113,0.04,0.004,0.003,0.0004,0.0003,0.04,0,0
ゆず果皮,0.59,0.012,0.005,0.142,0.41,0.003,0.034,0.0007,0.001,1.5,0,0
ゆず果汁 ,0.21,0.005,0.001,0.07,0.2,0.001,0.002,0.0005,0.0002,0.4,0,0
ゆず,0.21,0.005,0.001,0.07,0.2,0.001,0.002,0.0005,0.0002,0.4,0,0
ユズ,0.21,0.005,0.001,0.07,0.2,0.001,0.002,0.0005,0.0002,0.4,0,0
ライチー,0.63,0.01,0.001,0.164,0.02,0.002,0.001,0.0002,0.0006,0.36,0,0
ライム,0.27,0.004,0.001,0.093,0.16,0.002,0.002,0.0003,0.0002,0.33,0,0
ラズベリー,0.41,0.011,0.001,0.102,0.22,0.007,0.01,0.0002,0.0004,0.22,0,0
りんご,0.54,0.002,0.001,0.146,0.03,0,0.002,0.0002,0.0001,0.04,0,0
リンゴ,0.54,0.002,0.001,0.146,0.03,0,0.002,0.0002,0.0001,0.04,0,0
りんごストレートジュース,0.44,0.002,0.001,0.118,0.02,0.004,0.001,0.0001,0.0001,0.03,0,0
リンゴジュース,0.43,0.001,0.002,0.114,0.03,0.001,0.001,0,0,0.01,0,0
りんご濃縮還元ジュース,0.43,0.001,0.002,0.114,0.03,0.001,0.001,0,0,0.01,0,0
りんご50%果汁入り飲料,0.46,0.001,0,0.115,0.02,0.001,0,0,0,0,0,0
りんご30%果汁入り飲料,0.46,0,0,0.114,0.02,0,0,0,0,0,0,0
りんご缶,0.83,0.003,0.001,0.201,0.04,0.002,0.001,0.0001,0.0001,0,0,0
リンゴ缶,0.83,0.003,0.001,0.201,0.04,0.002,0.001,0.0001,0.0001,0,0,0
りんごジャム,2.13,0.002,0.001,0.527,0.06,0,0.001,0.0001,0,0,0,0
リンゴジャム,2.13,0.002,0.001,0.527,0.06,0,0.001,0.0001,0,0,0,0
レモン,0.54,0.009,0.007,0.125,0.67,0.002,0.016,0.0007,0.0007,1,0,0
レモン汁,0.26,0.004,0.002,0.086,0.07,0.001,0.001,0.0004,0.0002,0.5,0,0
えのきたけ,0.22,0.027,0.002,0.076,0,0.011,0,0.0024,0.0017,0.01,0,0
えのき,0.22,0.027,0.002,0.076,0,0.011,0,0.0024,0.0017,0.01,0,0
えのきたけ味付け瓶詰,0.42,0.036,0.003,0.169,0.1,0.008,0,0.0026,0.0017,0,0,0.043
なめたけ,0.42,0.036,0.003,0.169,0.1,0.008,0,0.0026,0.0017,0,0,0.043
きくらげ,1.67,0.079,0.021,0.711,3.1,0.352,0,0.0019,0.0087,0.05,0,0.001
しいたけ,0.18,0.03,0.004,0.049,0.03,0.003,0,0.001,0.0019,0.1,0,0
干しいたけ,1.82,0.193,0.037,0.634,0.1,0.017,0,0.005,0.014,0,0,0
しめじ,0.18,0.027,0.006,0.05,0.01,0.004,0,0.0016,0.0016,0.07,0,0
ほんしめじ,0.14,0.021,0.003,0.044,0.02,0.011,0,0.0008,0.005,0,0,0
たもぎたけ,0.16,0.036,0.003,0.037,0.02,0.008,0,0.0017,0.0033,0,0,0
なめこ,0.14,0.016,0.001,0.051,0.04,0.006,0,0.0006,0.0011,0,0,0
なめこ缶,0.09,0.01,0.001,0.032,0.03,0.008,0,0.0003,0.0007,0,0,0
ぬめりすぎたけ,0.15,0.023,0.004,0.041,0.01,0.006,0,0.0016,0.0034,0.01,0,0
ひらたけ,0.23,0.061,0.002,0.048,0.02,0.006,0,0.003,0.0041,0,0,0
エリンギ,0.24,0.036,0.005,0.074,0.01,0.003,0,0.0014,0.0028,0,0,0
まいたけ,0.16,0.037,0.007,0.027,0.01,0.005,0,0.0025,0.0049,0,0,0
マッシュルーム,0.11,0.029,0.003,0.021,0.03,0.003,0,0.0006,0.0029,0.01,0,0
マッシュルーム缶,0.14,0.034,0.002,0.033,0.08,0.008,0,0.0003,0.0024,0,0,0.009
まつたけ,0.23,0.02,0.006,0.082,0.06,0.013,0,0.001,0.001,0.02,0,0
まつたけ缶,0.15,0.012,0.002,0.056,0.04,0.033,0,0.0004,0.003,0,0,0.003
あおのり,1.5,0.181,0.003,0.56,7.2,0.748,0.024,0.0089,0.0161,0.4,0.01,0.086
焼きのり,1.88,0.414,0.037,0.443,2.8,0.114,0.046,0.0069,0.0233,2.1,0.22,0.013
のり,1.88,0.414,0.037,0.443,2.8,0.114,0.046,0.0069,0.0233,2.1,0.22,0.013
あじつけのり,1.79,0.4,0.035,0.418,1.7,0.082,0.037,0.0061,0.0231,2,0.21,0.043
味付けのり,1.79,0.4,0.035,0.418,1.7,0.082,0.037,0.0061,0.0231,2,0.21,0.043
いわのり,1.51,0.348,0.007,0.391,0.86,0.483,0.042,0.0057,0.0207,0.03,0.3,0.053
だしこんぶ ,1.38,0.08,0.02,0.565,7.6,0.024,0.01,0.008,0.0035,0.15,0,0.069
刻み昆布,1.05,0.054,0.005,0.46,9.4,0.086,0.003,0.0015,0.0033,0,0,0.109
削り昆布,1.17,0.065,0.009,0.502,6.5,0.036,0.008,0.0033,0.0028,0.19,0,0.053
塩昆布,1.1,0.169,0.004,0.37,2.8,0.042,0.004,0.0004,0.0023,0,0,0.18
こんぶつくだ煮,0.84,0.06,0.01,0.339,1.5,0.013,0.001,0.0005,0.0005,0,0,0.074
ところてん,0.02,0.002,0,0.006,0.04,0.001,0,0,0,0,0,0
寒天,0.03,0,0,0.015,0.1,0.002,0,0,0,0,0,0
赤とさか,0.14,0.015,0.001,0.051,0.7,0.012,0,0,0.0004,0,0.09,0.007
青とさか,0.13,0.009,0.002,0.049,1.6,0.008,0,0,0.0002,0,0.09,0.008
ひじき,1.39,0.106,0.013,0.562,14,0.55,0.011,0.0036,0.011,0,0.01,0.036
のりつくだ煮,0.77,0.144,0.013,0.211,0.28,0.036,0.001,0.0006,0.0026,0,0.01,0.058
のりつく,0.77,0.144,0.013,0.211,0.28,0.036,0.001,0.0006,0.0026,0,0.01,0.058
減塩のりつく,1.3,0.042,0.004,0.314,0.35,0.036,0.001,0.0006,0.0026,0,0.01,0.048
もずく,0.04,0.002,0.001,0.014,0.22,0.007,0.001,0,0.0001,0,0,0.002
生わかめ,0.16,0.019,0.002,0.056,1,0.007,0.001,0.0007,0.0018,0.15,0,0.015
カットわかめ,1.38,0.18,0.04,0.418,8.2,0.061,0.003,0.0005,0.0007,0,0,0.241
カットワカメ,1.38,0.18,0.04,0.418,8.2,0.061,0.003,0.0005,0.0007,0,0,0.241
めかぶわかめ,0.11,0.009,0.006,0.034,0.77,0.003,0.001,0.0002,0.0003,0.02,0,0.004
あいなめ,1.13,0.191,0.034,0.001,0.55,0.004,0.017,0.0024,0.0026,0.02,0.76,0.004
あこうだい,0.93,0.168,0.023,0.001,0.15,0.003,0.034,0.0011,0.0004,0,0.56,0.002
まあじ,1.21,0.207,0.035,0.001,0.27,0.007,0.004,0.001,0.002,0,0.77,0.003
あじ,1.21,0.207,0.035,0.001,0.27,0.007,0.004,0.001,0.002,0,0.77,0.003
あじ開き,1.68,0.202,0.088,0.001,0.36,0.008,0.007,0.001,0.0015,0,0.73,0.017
むろあじ,1.66,0.236,0.069,0.004,0.19,0.016,0.006,0.0018,0.0032,0,0.64,0.001
むろあじ開き,1.55,0.229,0.062,0.001,0.43,0.014,0.004,0.0017,0.003,0,0.66,0.021
くさや,2.4,0.499,0.03,0.003,8.9,0.032,0.012,0.0024,0.004,0,1.1,0.041
あなご,1.94,0.176,0.127,0,0.64,0.009,0.029,0.0004,0.0011,0.01,1.8,0.003
あまご,1.12,0.183,0.036,0.001,0.27,0.004,0.015,0.0015,0.0016,0.01,0.66,0.001
あまだい,1.13,0.188,0.036,0,0.58,0.003,0.013,0.0004,0.0006,0.01,0.52,0.002
あゆ,1.52,0.178,0.079,0.006,2.5,0.008,0.051,0.0015,0.0014,0.02,1.1,0.001
うるか,1.71,0.114,0.131,0.018,0.16,0.04,0.068,0.0006,0.0038,0,2.6,0.13
あんこう,0.58,0.13,0.002,0.003,0.08,0.002,0.007,0.0004,0.0016,0.01,0.78,0.003
あんこうきも,4.45,0.1,0.419,0.022,0.06,0.012,0.138,0.0014,0.0035,0.01,5.6,0.003
いさき,1.27,0.172,0.057,0.001,0.22,0.004,0.009,0.0006,0.0012,0,0.71,0.004
いしだい,1.56,0.195,0.078,0,0.2,0.003,0.021,0.0015,0.0015,0,0.56,0.001
いとよりだい,0.93,0.181,0.017,0.001,0.46,0.005,0.006,0.0004,0.0008,0.02,0.7,0.002
いぼだい,1.49,0.164,0.085,0,0.41,0.005,0.007,0.0004,0.0019,0.01,0.57,0.005
うるめいわし,2.39,0.45,0.051,0.003,5.7,0.045,0.001,0.0025,0.0043,0,2.2,0.058
いわし,2.17,0.198,0.139,0.007,0.7,0.018,0.007,0.0003,0.0036,0,0.65,0.003
いわし丸干し,1.93,0.328,0.055,0.007,4.4,0.044,0.007,0.0001,0.0041,0,1.1,0.038
めざし,2.57,0.182,0.189,0.005,1.8,0.026,0.003,0.0001,0.0021,0,1,0.028
しらす干し,1.13,0.231,0.016,0.002,2.1,0.006,0.01,0.0011,0.0003,0,2.4,0.041
たたみいわし,3.72,0.751,0.056,0.007,9.7,0.026,0.027,0.0015,0.0033,0,7.1,0.022
いわしみりん干し,3.32,0.314,0.157,0.163,2.4,0.043,0.01,0,0.005,0,0.76,0.017
いわしかば焼缶,2.42,0.162,0.156,0.093,2.2,0.02,0.018,0.0001,0.0024,0,0.7,0.015
いわな,1.14,0.19,0.036,0.001,0.39,0.003,0.016,0.0009,0.0012,0.01,0.8,0.001
うぐい,1,0.201,0.015,0.002,0.69,0.007,0.008,0.0003,0.0011,0,0.93,0.002
うなぎ,2.55,0.171,0.193,0.003,1.3,0.005,0.074,0.0037,0.0048,0.02,2.3,0.002
うなぎきも,1.18,0.13,0.053,0.035,0.19,0.046,0.039,0.003,0.0075,0.02,4.3,0.004
うなぎ白焼き,3.31,0.207,0.258,0.001,1.4,0.01,0.053,0.0055,0.0045,0,2.2,0.003
うなぎかば焼,2.93,0.23,0.21,0.031,1.5,0.008,0.049,0.0075,0.0074,0,2.3,0.013
うまづらはぎ,0.8,0.182,0.003,0,0.5,0.004,0.011,0.0001,0.0013,0,0.47,0.005
えい,0.84,0.191,0.003,0.001,0.04,0.009,0.007,0.0005,0.0012,0.01,0.8,0.007
えそ,0.93,0.201,0.008,0.001,0.8,0.003,0.001,0.0007,0.001,0.02,0.74,0.003
おいかわ,1.36,0.192,0.058,0.001,0.45,0.006,0.009,0.0001,0.0016,0.02,0.91,0.001
おおさが,1.44,0.163,0.08,0.001,0.16,0.002,0.049,0.0001,0.0003,0.01,0.55,0.002
おこぜ,0.85,0.196,0.002,0.002,0.31,0.004,0.004,0.0001,0.0012,0,0.75,0.002
おひょう,1,0.199,0.017,0.001,0.07,0.001,0.008,0.0009,0.0007,0,0.49,0.002
かさご,0.85,0.193,0.003,0.001,0.57,0.003,0.003,0.0003,0.0006,0.01,0.45,0.003
かじか,1.11,0.15,0.05,0.002,5.2,0.028,0.013,0.0007,0.0038,0.01,2.2,0.003
かじき,1.41,0.183,0.067,0.001,0.03,0.005,0.033,0.0005,0.0008,0.01,0.71,0.002
かつお,1.14,0.258,0.005,0.001,0.11,0.019,0.003,0.0013,0.0017,0,0.6,0.001
なまり節,1.73,0.38,0.011,0.005,0.2,0.05,0.004,0.004,0.0025,0,0.95,0.002
かつお節,3.56,0.771,0.029,0.008,0.28,0.055,0.013,0.0055,0.0035,0,1.8,0.003
削り節,3.51,0.757,0.032,0.004,0.46,0.09,0.011,0.0038,0.0057,0,1.9,0.012
削り節つくだ煮,2.37,0.195,0.033,0.323,0.54,0.08,0.006,0.0013,0.001,0,0.57,0.079
かます,1.48,0.189,0.072,0.001,0.41,0.003,0.009,0.0003,0.0014,0,0.58,0.003
かれい,0.95,0.196,0.013,0.001,0.43,0.002,0.015,0.0003,0.0035,0.01,0.71,0.003
かわはぎ,0.8,0.188,0.001,0,0.13,0.002,0.006,0.0002,0.0007,0,0.47,0.003
かんぱち,1.29,0.21,0.042,0.001,0.15,0.006,0.009,0.0015,0.0016,0,0.62,0.002
きす,0.85,0.192,0.004,0.001,0.38,0.002,0.005,0.0007,0.0004,0.02,1,0.003
きびなご,0.93,0.188,0.014,0.001,1,0.011,0.003,0.0002,0.0025,0.03,0.75,0.004
キャビア,2.63,0.262,0.171,0.011,0.08,0.024,0.093,0.0001,0.0131,0.04,5,0.041
キングクリップ,0.78,0.182,0.001,0,0.47,0.003,0.002,0.0003,0.0007,0.01,0.56,0.004
ぎんだら,2.2,0.13,0.175,0,0.14,0.003,0.03,0.0005,0.001,0,0.45,0.002
きんめだい,1.6,0.178,0.09,0.001,0.31,0.003,0.017,0.0003,0.0005,0.01,0.6,0.001
ぐち,0.83,0.18,0.008,0,0.37,0.004,0.005,0.0004,0.0028,0,0.66,0.002
こい,1.71,0.177,0.102,0.002,0.09,0.005,0.02,0.0046,0.0018,0,0.86,0.001
鮭,1.54,0.217,0.066,0.001,0.13,0.004,0.007,0.0025,0.0018,0.01,0.58,0.002
さけ,1.54,0.217,0.066,0.001,0.13,0.004,0.007,0.0025,0.0018,0.01,0.58,0.002
鮭水煮缶,1.56,0.207,0.072,0.001,1.1,0.015,0.007,0.0015,0.0013,0,0.89,0.009
塩鮭,1.99,0.224,0.111,0.001,0.16,0.003,0.004,0.0014,0.0015,0.01,0.64,0.018
イクラ,2.72,0.326,0.156,0.002,0.94,0.02,0.091,0.0042,0.0055,0.06,4.8,0.023
すじこ,2.82,0.305,0.174,0.009,0.62,0.027,0.106,0.0042,0.0061,0.09,5.1,0.048
にじます ,1.27,0.197,0.046,0.001,0.24,0.002,0.012,0.0021,0.001,0.02,0.72,0.001
さば,2.02,0.207,0.121,0.003,0.09,0.011,0.009,0.0015,0.0028,0,0.64,0.004
さば節,3.6,0.739,0.051,0,8.6,0.072,0.009,0.0025,0.0085,0,3,0.009
塩さば,2.91,0.262,0.191,0.001,0.27,0.02,0.005,0.0016,0.0059,0,0.59,0.018
さば開き,3.48,0.187,0.285,0.002,0.25,0.02,0.024,0.0013,0.0059,0,0.65,0.017
しめさば,3.39,0.186,0.269,0.017,0.09,0.011,0.005,0.0013,0.0028,0,0.65,0.016
さば缶,1.9,0.209,0.107,0.002,2.6,0.016,0.032,0.0015,0.004,0,0.84,0.009
さばみそ煮缶,2.17,0.163,0.139,0.066,2.1,0.02,0.019,0.0004,0.0037,0,0.7,0.011
ふかひれ,3.42,0.839,0.016,0,0.65,0.012,0.004,0,0,0,2.5,0.005
さより,0.95,0.196,0.013,0,0.41,0.003,0.009,0,0.0012,0.02,1,0.005
さわら,1.77,0.201,0.097,0.001,0.13,0.008,0.003,0.0009,0.0035,0,0.6,0.002
さんま,3.1,0.185,0.246,0.001,0.32,0.014,0.013,0.0001,0.0026,0,0.66,0.003
さんま開き,2.61,0.193,0.19,0.001,0.6,0.011,0.015,0,0.003,0,0.8,0.013
さんまかば焼缶,2.68,0.189,0.189,0.056,2.8,0.019,0.028,0,0.002,0,0.98,0.014
しいら,1.08,0.213,0.019,0,0.13,0.007,0.005,0.002,0.0015,0.01,0.55,0.001
ししゃも,1.77,0.156,0.116,0.005,3.5,0.014,0.016,0,0.0031,0.01,2.9,0.015
したびらめ　生  ,0.96,0.192,0.016,0,0.36,0.003,0.006,0.0006,0.0014,0.01,0.75,0.004
しまあじ,1.68,0.219,0.08,0.001,0.16,0.007,0.016,0.0025,0.0015,0,0.71,0.001
しらうお,0.77,0.136,0.02,0.001,1.5,0.004,0.018,0.0008,0.001,0.04,2.2,0.004
シルバー,1.53,0.186,0.079,0,0.11,0.006,0.031,0.0008,0.0018,0,0.46,0.002
すずき,1.23,0.198,0.042,0,0.12,0.002,0.012,0.0002,0.002,0.03,0.67,0.002
たい,1.94,0.217,0.108,0.001,0.11,0.002,0.024,0.0034,0.0009,0.02,0.72,0.001
たかさご,1,0.202,0.015,0.001,0.51,0.005,0.001,0.0003,0.0007,0,0.5,0.001
たかべ,1.64,0.187,0.09,0,0.41,0.006,0.014,0.0006,0.0018,0.01,0.7,0.003
たちうお,2.66,0.165,0.209,0,0.12,0.002,0.012,0.0001,0.0007,0.01,0.72,0.002
すけとうだら,0.79,0.181,0.002,0.001,0.41,0.004,0.005,0.0007,0.0014,0,0.74,0.003
たらこ,1.7,0.283,0.061,0.005,0.27,0.007,0.081,0.0077,0.0053,0.21,4.1,0.053
からしめんたいこ,1.26,0.21,0.033,0.03,0.23,0.007,0.065,0.0034,0.0033,0.76,2.8,0.056
まだら,0.77,0.176,0.002,0.001,0.32,0.002,0.008,0.001,0.001,0,0.58,0.003
たらしらこ,0.62,0.134,0.008,0.002,0.06,0.002,0.018,0.0024,0.0013,0.02,3.6,0.003
塩だら,0.65,0.152,0.001,0,0.23,0.003,0.007,0.0013,0.002,0,0.6,0.02
桜でんぶ,2.78,0.255,0.011,0.415,2.6,0.013,0.008,0.0004,0.0008,0,1.3,0.041
テラピア,1.34,0.198,0.053,0.002,0.29,0.005,0.02,0.0004,0.002,0.01,0.59,0.002
どじょう,0.79,0.161,0.012,0,11,0.056,0.006,0.0009,0.0109,0.01,2.1,0.002
とびうお,0.96,0.21,0.007,0.001,0.13,0.005,0.023,0.0001,0.001,0.01,0.59,0.002
なまず,1.59,0.184,0.086,0,0.18,0.004,0.063,0.0033,0.001,0,0.73,0.001
にしん,2.16,0.174,0.151,0.001,0.27,0.01,0.031,0.0001,0.0023,0,0.68,0.003
身欠きにしん,2.46,0.209,0.167,0.002,0.66,0.015,0.027,0.0001,0.0003,0,2.3,0.004
かずのこ,0.89,0.15,0.03,0.006,0.08,0.004,0.009,0,0.0001,0,2.3,0.012
はぜ,0.83,0.191,0.002,0.001,0.42,0.002,0.01,0.0004,0.0004,0.01,0.92,0.002
はぜつくだ煮,2.84,0.243,0.03,0.399,12,0.124,0.024,0.0011,0.0041,0,2.7,0.056
はぜ甘露煮,2.65,0.211,0.022,0.403,9.8,0.042,0.006,0.0005,0.0011,0,2.1,0.038
はたはた,1.13,0.141,0.057,0,0.6,0.005,0.022,0.0002,0.0014,0,1,0.005
はも,1.44,0.223,0.053,0,0.79,0.002,0.011,0.0004,0.0018,0.01,0.75,0.002
バラクータ,1.2,0.217,0.03,0.001,0.22,0.006,0.019,0.0006,0.002,0.01,0.63,0.003
ひらまさ,1.42,0.226,0.049,0.001,0.12,0.004,0.014,0.002,0.0014,0.03,0.68,0.001
ひらめ,1.24,0.212,0.037,0,0.23,0.001,0.014,0.0008,0.0033,0.03,0.63,0.001
ふぐ,0.85,0.193,0.003,0.002,0.06,0.002,0.008,0.0006,0.0021,0,0.65,0.003
ふな,1.01,0.182,0.025,0.001,1,0.015,0.015,0.0055,0.0014,0.01,0.64,0.001
ぶり,2.57,0.214,0.176,0.003,0.05,0.013,0.02,0.0023,0.0036,0.02,0.72,0.001
はまち,2.56,0.197,0.182,0.003,0.12,0.009,0.041,0.0016,0.0019,0.02,0.72,0.001
ほうぼう,1.22,0.196,0.042,0,0.42,0.004,0.005,0.0009,0.0015,0.03,0.55,0.003
ホキ,0.84,0.17,0.013,0,0.2,0.003,0.009,0.0003,0.0016,0,0.49,0.004
ほっけ,1.15,0.173,0.044,0.001,0.22,0.004,0.017,0.0009,0.0017,0.01,0.73,0.002
塩ほっけ,1.23,0.181,0.049,0.001,0.2,0.005,0.007,0.001,0.0027,0,0.6,0.036
ほっけ開き,1.42,0.182,0.069,0.001,1.6,0.005,0.011,0.0009,0.0023,0.02,0.82,0.017
ぼら,1.28,0.192,0.05,0.001,0.17,0.007,0.016,0.0016,0.0026,0.01,0.65,0.002
からすみ,4.23,0.404,0.289,0.003,0.09,0.015,0.097,0.0001,0.0093,0.1,8.6,0.036
まぐろ,1.06,0.243,0.004,0,0.05,0.02,0.004,0.0015,0.0009,0,0.37,0.001
まぐろ赤身,1.25,0.264,0.014,0.001,0.05,0.011,0.008,0.001,0.0005,0.02,0.5,0.001
まぐろ脂身,3.44,0.201,0.275,0.001,0.07,0.016,0.015,0.0004,0.0007,0.04,0.55,0.002
めじまぐろ,1.52,0.252,0.048,0.001,0.09,0.018,0.012,0.0019,0.0019,0.01,0.58,0.001
まぐろ味付缶,1.36,0.19,0.023,0.099,0.24,0.04,0.007,0.0007,0.0003,0,0.58,0.019
ツナ,2.67,0.177,0.217,0.001,0.04,0.005,0.047,0.0001,0.0003,0,0.32,0.009
まながつお,1.75,0.171,0.109,0,0.21,0.003,0.014,0.0022,0.0013,0.01,0.7,0.004
むつ,1.89,0.167,0.126,0,0.25,0.005,0.009,0.0003,0.0016,0,0.59,0.002
めじな,1.25,0.194,0.045,0.001,0.27,0.003,0.008,0.0005,0.0038,0,0.56,0.002
めばる,1.09,0.181,0.035,0,0.8,0.004,0.015,0.0007,0.0017,0.02,0.75,0.002
メルルーサ,0.77,0.17,0.006,0,0.12,0.002,0.013,0.0009,0.0004,0,0.45,0.004
やまめ,1.19,0.184,0.043,0.003,0.85,0.005,0.022,0.0015,0.0016,0.03,0.65,0.001
わかさぎ,0.77,0.144,0.017,0.001,4.5,0.008,0.007,0.0001,0.0014,0.01,2.1,0.005
あかがい,0.74,0.135,0.003,0.035,0.4,0.05,0.009,0.002,0.002,0.02,0.46,0.008
あさり,0.3,0.06,0.003,0.004,0.66,0.038,0.004,0.0002,0.0016,0.01,0.4,0.022
あさりつくだ煮,2.25,0.208,0.024,0.301,2.6,0.188,0.014,0.0002,0.0018,0,0.61,0.074
あさり水煮,1.14,0.203,0.022,0.019,1.1,0.378,0.027,0,0.0009,0,0.89,0.01
あわび,0.73,0.127,0.003,0.04,0.2,0.015,0.005,0.001,0.0009,0.01,0.97,0.008
干しあわび,2.73,0.38,0.016,0.238,0.39,0.02,0.012,0.0036,0.0011,0,3.9,0.074
エスカルゴ,0.82,0.165,0.01,0.008,4,0.039,0.006,0,0.0009,0,2.4,0.007
かき,0.6,0.066,0.014,0.047,0.88,0.019,0.012,0.0004,0.0014,0.03,0.51,0.013
蛎,0.6,0.066,0.014,0.047,0.88,0.019,0.012,0.0004,0.0014,0.03,0.51,0.013
さざえ,0.89,0.194,0.004,0.008,0.22,0.008,0.023,0.0004,0.0009,0.01,1.4,0.006
しじみ,0.51,0.056,0.01,0.043,1.3,0.053,0.016,0.0003,0.0025,0.01,0.78,0.002
たいらがい,1,0.218,0.002,0.015,0.16,0.006,0.008,0.0001,0.0009,0.02,0.23,0.007
たにし,0.8,0.13,0.011,0.036,13,0.194,0.005,0.0011,0.0032,0,0.72,0.001
つぶがい,0.86,0.178,0.002,0.023,0.6,0.013,0.018,0,0.0012,0,1.1,0.01
とこぶし,0.84,0.16,0.004,0.03,0.24,0.018,0.013,0.0015,0.0014,0.01,1.5,0.007
とりがい,0.86,0.129,0.003,0.069,0.19,0.029,0.012,0.0016,0.0006,0.01,0.22,0.003
ばいがい,0.87,0.163,0.006,0.031,0.44,0.007,0.022,0.0003,0.0014,0.02,1.1,0.006
ばかがい,0.61,0.109,0.005,0.024,0.42,0.011,0.008,0.0014,0.0006,0.01,1.2,0.008
はまぐり,0.38,0.061,0.005,0.018,1.3,0.021,0.005,0.0008,0.0016,0.01,0.25,0.02
はまぐりつくだ煮,2.19,0.27,0.028,0.214,1.2,0.072,0.019,0.0002,0.001,0,1,0.071
ほたてがい,0.72,0.135,0.009,0.015,0.22,0.022,0.009,0.0005,0.0029,0.03,0.33,0.008
貝柱,0.97,0.179,0.001,0.049,0.07,0.002,0.011,0,0.0007,0.02,0.33,0.003
ほっきがい,0.73,0.111,0.011,0.038,0.62,0.044,0.014,0.0001,0.0016,0.02,0.51,0.006
みるがい,0.82,0.183,0.004,0.003,0.55,0.033,0.006,0,0.0014,0.01,0.36,0.008
あまえび,0.87,0.198,0.003,0.001,0.5,0.001,0.034,0.0002,0.0003,0,1.3,0.008
いせえび,0.92,0.209,0.004,0,0.37,0.001,0.038,0.0001,0.0003,0.01,0.93,0.009
くるまえび,0.97,0.216,0.006,0,0.41,0.005,0.018,0.0011,0.0006,0,1.7,0.004
さくらえび,0.91,0.182,0.015,0,6.9,0.005,0.028,0.001,0.0008,0,2.3,0.021
大正えび,0.95,0.217,0.003,0.001,0.34,0.001,0.018,0.0003,0.0004,0.01,1.6,0.005
しばえび,0.83,0.187,0.004,0.001,0.56,0.01,0.017,0.0002,0.0006,0.02,1.7,0.006
ブラックタイガー,0.82,0.184,0.003,0.003,0.67,0.002,0.014,0.0007,0.0003,0,1.5,0.004
えび,0.83,0.187,0.004,0.001,0.56,0.01,0.017,0.0002,0.0006,0.02,1.7,0.006
むきえび,0.83,0.187,0.004,0.001,0.56,0.01,0.017,0.0002,0.0006,0.02,1.7,0.006
毛がに,0.83,0.184,0.005,0.002,0.66,0.006,0.037,0.0007,0.0023,0,0.53,0.006
ずわいがに,0.69,0.15,0.006,0.001,1.2,0.007,0.026,0.0021,0.0057,0,0.61,0.006
かに,0.69,0.15,0.006,0.001,1.2,0.007,0.026,0.0021,0.0057,0,0.61,0.006
ずわいがに缶,0.73,0.163,0.004,0.002,0.68,0.005,0.02,0,0.0003,0,0.7,0.017
たらばがに,0.8,0.175,0.005,0.003,0.48,0.002,0.03,0.0007,0.0006,0,0.53,0.008
たらばがに缶,0.9,0.206,0.003,0.001,0.52,0.002,0.029,0.0002,0.001,0,0.6,0.015
こういか,0.66,0.149,0.003,0.001,0.17,0.001,0.022,0.0003,0.0005,0.01,2.1,0.007
するめいか,0.88,0.181,0.012,0.002,0.14,0.001,0.021,0.0005,0.0004,0.01,2.7,0.008
ほたるいか,0.84,0.118,0.035,0.002,0.14,0.008,0.043,0.0019,0.0027,0.05,2.4,0.007
やりいか,0.85,0.176,0.01,0.004,0.1,0.001,0.014,0.0004,0.0003,0.02,3.2,0.004
するめ,3.34,0.692,0.043,0.004,0.43,0.008,0.044,0.001,0.001,0,9.8,0.023
さきいか,2.79,0.455,0.031,0.173,0.23,0.016,0.017,0.0006,0.0009,0,3.7,0.069
いかくん製,2.06,0.352,0.015,0.128,0.09,0.007,0.018,0.001,0.0015,0,2.8,0.061
いか塩辛,1.17,0.152,0.034,0.065,0.16,0.011,0.033,0,0.001,0,2.3,0.069
いいだこ,0.7,0.146,0.008,0.001,0.2,0.022,0.027,0.0001,0.0008,0.01,1.5,0.006
まだこ,0.76,0.164,0.007,0.001,0.16,0.006,0.019,0.0003,0.0009,0,1.5,0.007
ゆでだこ,0.99,0.217,0.007,0.001,0.19,0.002,0.019,0.0003,0.0005,0,1.5,0.006
あみつく,2.33,0.191,0.018,0.351,4.9,0.071,0.047,0.0013,0.0021,0,1.2,0.069
あみ塩辛,0.65,0.129,0.011,0.008,4.6,0.005,0.024,0.0007,0.0007,0,1.4,0.198
うに,1.2,0.16,0.048,0.033,0.12,0.009,0.036,0.001,0.0044,0.03,2.9,0.006
おきあみ,0.94,0.15,0.032,0.002,3.6,0.008,0.025,0.0015,0.0026,0.02,0.6,0.011
くらげ,0.22,0.052,0.001,0,0.02,0.003,0,0,0.0001,0,0.31,0.003
しゃこ,0.98,0.192,0.017,0.002,0.88,0.008,0.028,0.0026,0.0013,0,1.5,0.008
なまこ,0.23,0.046,0.003,0.005,0.72,0.001,0.004,0.0005,0.0002,0,0.01,0.017
このわた,0.64,0.114,0.018,0.005,0.41,0.04,0.004,0.002,0.005,0,0.03,0.046
ほや,0.3,0.05,0.008,0.008,0.32,0.057,0.012,0.0001,0.0013,0.03,0.33,0.033
ほや塩辛,0.72,0.116,0.011,0.038,0.14,0.03,0.013,0.0001,0.0018,0,0.34,0.036
かに風味かまぼこ,0.9,0.121,0.005,0.092,1.2,0.002,0.009,0.0001,0.0004,0.01,0.17,0.022
かまぼこ,0.95,0.12,0.009,0.097,0.25,0.003,0.002,0,0.0001,0,0.15,0.025
焼き竹輪,1.21,0.122,0.02,0.135,0.15,0.01,0.004,0.0005,0.0008,0,0.25,0.021
ちくわ,1.21,0.122,0.02,0.135,0.15,0.01,0.004,0.0005,0.0008,0,0.25,0.021
だて巻,1.96,0.146,0.075,0.176,0.25,0.005,0.018,0.0004,0.002,0,1.8,0.009
だてまき,1.96,0.146,0.075,0.176,0.25,0.005,0.018,0.0004,0.002,0,1.8,0.009
つみれ,1.13,0.12,0.043,0.065,0.6,0.01,0.002,0.0002,0.002,0,0.4,0.014
なると,0.8,0.076,0.004,0.116,0.15,0.005,0.001,0,0.0001,0,0.17,0.02
はんぺん,0.94,0.099,0.01,0.114,0.15,0.005,0.004,0,0.0001,0,0.15,0.015
さつま揚げ,1.39,0.125,0.037,0.139,0.6,0.008,0.005,0.0005,0.001,0,0.2,0.019
さつまあげ,1.39,0.125,0.037,0.139,0.6,0.008,0.005,0.0005,0.001,0,0.2,0.019
魚肉ハム,1.58,0.134,0.067,0.111,0.45,0.01,0.007,0.002,0.006,0,0.28,0.023
魚肉ソーセージ,1.61,0.115,0.072,0.126,1,0.01,0.002,0.002,0.006,0,0.3,0.021
ソーセージ,1.61,0.115,0.072,0.126,1,0.01,0.002,0.002,0.006,0,0.3,0.021
いのしし,2.68,0.188,0.198,0.005,0.04,0.025,0.005,0.0024,0.0029,0.01,0.86,0.001
いのぶた,3.04,0.181,0.241,0.003,0.04,0.008,0.004,0.0062,0.0016,0.01,0.66,0.001
うさぎ,1.46,0.205,0.063,0,0.05,0.013,0.005,0.001,0.0019,0.01,0.63,0.001
和牛肉,2.46,0.189,0.175,0.005,0.04,0.01,0.002,0.0009,0.002,0.01,0.73,0.001
牛かたロース,2.4,0.179,0.174,0.001,0.04,0.012,0.007,0.0007,0.002,0.01,0.69,0.001
牛リブロース,2.63,0.185,0.195,0.003,0.03,0.012,0.007,0.0007,0.0015,0.01,0.64,0.001
牛サーロイン,2.98,0.174,0.237,0.004,0.03,0.014,0.007,0.0005,0.0012,0.01,0.59,0.001
牛ばら,3.71,0.144,0.329,0.002,0.04,0.015,0.011,0.0005,0.0012,0.01,0.67,0.001
牛もも,1.82,0.212,0.096,0.005,0.04,0.01,0.005,0.0009,0.0021,0.01,0.67,0.001
牛肉,1.82,0.212,0.096,0.005,0.04,0.01,0.005,0.0009,0.0021,0.01,0.67,0.001
ぎゅうにく,1.82,0.212,0.096,0.005,0.04,0.01,0.005,0.0009,0.0021,0.01,0.67,0.001
牛ヒレ,1.33,0.205,0.048,0.003,0.04,0.028,0.007,0.001,0.0025,0.01,0.62,0.001
牛ひき肉,2.24,0.19,0.151,0.005,0.04,0.023,0.005,0.0008,0.002,0.01,0.67,0.001
牛レバー,1.32,0.196,0.037,0.037,0.05,0.04,0.003,0.0022,0.03,0.3,2.4,0.001
ローストビーフ,1.96,0.217,0.117,0.009,0.06,0.023,0.003,0.0008,0.0025,0,0.7,0.008
コンビーフ,2.03,0.198,0.13,0.017,0.15,0.035,0.008,0.0002,0.0014,0,0.68,0.018
ビーフジャーキー,3.15,0.548,0.078,0.064,0.13,0.064,0.022,0.0013,0.0045,0.01,1.5,0.048
馬肉,1.1,0.201,0.025,0.003,0.11,0.043,0.009,0.001,0.0024,0.01,0.65,0.001
くじら,1.06,0.241,0.004,0.002,0.03,0.025,0.006,0.0006,0.0023,0.01,0.38,0.002
しか肉,1.1,0.223,0.015,0.005,0.04,0.031,0.005,0.0021,0.0035,0.01,0.69,0.001
豚かたロース,2.56,0.177,0.193,0,0.04,0.007,0.003,0.007,0.0024,0.01,0.76,0.001
豚ロース,2.91,0.183,0.226,0.002,0.03,0.003,0.003,0.0077,0.0013,0.01,0.62,0.001
豚ばら,4.34,0.134,0.401,0,0.03,0.006,0.004,0.0045,0.0011,0.01,0.7,0.001
豚もも,2.25,0.195,0.151,0.002,0.04,0.005,0.003,0.009,0.0019,0.01,0.71,0.001
豚肉,2.25,0.195,0.151,0.002,0.04,0.005,0.003,0.009,0.0019,0.01,0.71,0.001
ぶたにく,2.25,0.195,0.151,0.002,0.04,0.005,0.003,0.009,0.0019,0.01,0.71,0.001
豚ひき肉,2.21,0.186,0.151,0,0.06,0.011,0.004,0.0062,0.0022,0.02,0.76,0.001
豚レバー,1.28,0.204,0.034,0.025,0.05,0.13,0.004,0.0034,0.036,0.2,2.5,0.001
豚足,2.3,0.201,0.168,0,0.12,0.014,0.004,0.0005,0.0012,0,1.1,0.003
ロースハム,1.96,0.165,0.139,0.013,0.1,0.005,0.003,0.006,0.0012,0.5,0.4,0.025
ハム,1.96,0.165,0.139,0.013,0.1,0.005,0.003,0.006,0.0012,0.5,0.4,0.025
生ハム,2.47,0.24,0.166,0.005,0.06,0.007,0.003,0.0092,0.0018,0.18,0.78,0.028
ベーコン,4.05,0.129,0.391,0.003,0.06,0.006,0.006,0.0047,0.0014,0.35,0.5,0.02
ウインナー,3.21,0.132,0.285,0.03,0.07,0.008,0.003,0.0026,0.0013,0.1,0.57,0.019
フランクフルト  ,2.98,0.127,0.247,0.062,0.12,0.009,0.004,0.0021,0.0013,0.1,0.59,0.019
焼き豚,1.72,0.194,0.082,0.051,0.09,0.007,0.003,0.0085,0.002,0.2,0.46,0.024
レバーペースト,3.78,0.129,0.347,0.036,0.27,0.077,0.004,0.0018,0.0145,0.03,1.3,0.022
ゼラチン,3.44,0.876,0.003,0,0.16,0.007,0,0,0,0,0.02,0.007
マトン,2.24,0.188,0.153,0.001,0.04,0.025,0.013,0.0014,0.0033,0.01,0.78,0.001
あいがも,3.33,0.142,0.29,0.001,0.05,0.019,0.002,0.0024,0.0035,0.01,0.86,0.002
あひる,4.5,0.122,0.423,0.001,0.15,0.018,0.002,0.0022,0.003,0.02,0.82,0.001
うずら,2.08,0.205,0.129,0.001,0.15,0.029,0.008,0.0012,0.005,0,1.2,0.001
かも,1.28,0.236,0.03,0.001,0.05,0.043,0,0.004,0.0069,0.01,0.86,0.002
きじ,1.08,0.23,0.011,0.001,0.08,0.01,0.003,0.0008,0.0024,0.01,0.73,0.001
しちめんちょう,1.06,0.235,0.007,0.001,0.08,0.011,0,0.0007,0.0024,0.02,0.62,0.001
すずめ,1.32,0.181,0.059,0.001,11,0.08,0.002,0.0028,0.008,0,2.3,0.002
手羽,2.11,0.175,0.146,0,0.1,0.005,0.003,0.0004,0.0011,0.02,1.2,0.002
とりむね肉,1.91,0.195,0.116,0,0.04,0.003,0.002,0.0007,0.0009,0.02,0.79,0.001
とりむね肉皮なし,1.08,0.223,0.015,0,0.04,0.002,0.002,0.0008,0.001,0.03,0.7,0.001
鶏もも,2,0.162,0.14,0,0.05,0.004,0.002,0.0007,0.0018,0.03,0.98,0.001
鶏肉,2,0.162,0.14,0,0.05,0.004,0.002,0.0007,0.0018,0.03,0.98,0.001
とりにく,2,0.162,0.14,0,0.05,0.004,0.002,0.0007,0.0018,0.03,0.98,0.001
鶏もも皮なし,1.16,0.188,0.039,0,0.05,0.007,0.002,0.0008,0.0022,0.04,0.92,0.002
とりにく皮なし,1.16,0.188,0.039,0,0.05,0.007,0.002,0.0008,0.0022,0.04,0.92,0.002
鶏肉皮なし,1.16,0.188,0.039,0,0.05,0.007,0.002,0.0008,0.0022,0.04,0.92,0.002
ささ身,1.05,0.23,0.008,0,0.03,0.002,0.002,0.0009,0.0011,0.02,0.67,0.001
ささみ,1.05,0.23,0.008,0,0.03,0.002,0.002,0.0009,0.0011,0.02,0.67,0.001
鶏ひき肉,1.66,0.209,0.083,0,0.11,0.012,0.002,0.001,0.0021,0,0.75,0.002
とりひきにく,1.66,0.209,0.083,0,0.11,0.012,0.002,0.001,0.0021,0,0.75,0.002
とりひき皮なし,1.16,0.188,0.039,0,0.05,0.007,0.002,0.0008,0.0022,0.04,0.92,0.002
鶏レバー,1.11,0.189,0.031,0.006,0.05,0.09,0.004,0.0038,0.018,0.2,3.7,0.002
焼き鳥缶,1.77,0.184,0.078,0.082,0.12,0.029,0.003,0.0001,0.0018,0,0.76,0.022
はと,1.41,0.218,0.051,0.003,0.03,0.044,0.003,0.0032,0.0189,0.03,1.6,0.002
フォアグラ,5.1,0.083,0.499,0.015,0.03,0.027,0.003,0.0027,0.0081,0.07,6.5,0.001
ほろほろちょう,1.05,0.225,0.01,0.002,0.06,0.011,0.001,0.0016,0.002,0.03,0.75,0.002
いなごつくだ煮,2.47,0.263,0.014,0.323,0.28,0.047,0.028,0.0006,0.01,0,0.77,0.048
かえる,0.99,0.223,0.004,0.003,0.09,0.004,0.001,0.0004,0.0013,0,0.43,0.001
すっぽん,1.97,0.164,0.134,0.005,0.18,0.009,0.01,0.0091,0.0041,0.01,0.95,0.002
うずら卵,1.82,0.11,0.141,0.006,0.47,0.028,0.016,0.0003,0.0033,0,4.9,0.005
うずらたまご,1.82,0.11,0.141,0.006,0.47,0.028,0.016,0.0003,0.0033,0,4.9,0.005
たまご,1.51,0.123,0.103,0.003,0.51,0.018,0.011,0.0006,0.0043,0,4.2,0.004
卵黄,3.87,0.165,0.335,0.001,1.5,0.06,0.036,0.0021,0.0052,0,14,0.001
卵白,0.47,0.105,0,0.004,0.06,0,0,0,0.0039,0,0.01,0.005
たまご豆腐,0.79,0.064,0.05,0.02,0.27,0.009,0.005,0.0003,0.002,0,2.2,0.009
厚焼きたまご,1.51,0.108,0.091,0.064,0.44,0.015,0.01,0.0005,0.0033,0,3.5,0.011
だし巻きたまご,1.28,0.112,0.09,0.005,0.46,0.016,0.01,0.0006,0.0034,0,3.7,0.012
ピータン,2.14,0.137,0.165,0,0.9,0.03,0.02,0,0.0027,0,6.8,0.02
牛乳,0.67,0.033,0.038,0.048,1.1,0,0.001,0.0004,0.0015,0.01,0.12,0.001
ぎゅうにゅう,0.67,0.033,0.038,0.048,1.1,0,0.001,0.0004,0.0015,0.01,0.12,0.001
低脂肪牛乳,0.46,0.038,0.01,0.055,1.3,0.001,0,0.0004,0.0018,0,0.06,0.002
コーヒー牛乳,0.56,0.022,0.02,0.072,0.8,0.001,0,0.0002,0.0009,0,0.08,0.001
いちご牛乳,0.46,0.012,0.002,0.099,0.4,0,0,0.0001,0.0006,0,0.02,0.001
フルーツ牛乳,0.46,0.012,0.002,0.099,0.4,0,0,0.0001,0.0006,0,0.02,0.001
脱脂粉乳,3.59,0.34,0.01,0.533,11,0.005,0,0.003,0.016,0.05,0.25,0.014
練乳,3.31,0.078,0.083,0.563,3,0.002,0.002,0.0008,0.004,0.02,0.19,0.004
クリーム,4.33,0.02,0.45,0.031,0.6,0.001,0.008,0.0002,0.0009,0,1.2,0.001
ホイップクリーム,4.12,0.038,0.362,0.177,0.4,0.001,0.003,0.0001,0.0006,0,0.53,0.003
コーヒークリーム,2.28,0.048,0.216,0.037,0.26,0.001,0.001,0.0001,0.0004,0,0.27,0.004
無糖ヨーグルト,0.62,0.036,0.03,0.049,1.2,0,0.001,0.0004,0.0014,0.01,0.12,0.001
ヨーグルト,0.67,0.043,0.002,0.119,1.2,0.001,0,0.0003,0.0015,0,0.04,0.002
ヨーグルトドリンク,0.65,0.029,0.005,0.122,1.1,0.001,0,0.0001,0.0012,0,0.03,0.001
乳酸菌飲料,0.71,0.011,0.001,0.164,0.43,0,0,0.0001,0.0005,0,0.01,0
ジョア,0.71,0.011,0.001,0.164,0.43,0,0,0.0001,0.0005,0,0.01,0
カマンベールチーズ,3.1,0.191,0.247,0.009,4.6,0.002,0.009,0.0003,0.0048,0,0.87,0.02
チーズ,3.1,0.191,0.247,0.009,4.6,0.002,0.009,0.0003,0.0048,0,0.87,0.02
クリームチーズ,3.46,0.082,0.33,0.023,0.7,0.001,0.012,0.0003,0.0022,0,0.99,0.007
パルメザンチーズ,4.75,0.44,0.308,0.019,13,0.004,0.008,0.0005,0.0068,0,0.96,0.038
粉チーズ,4.75,0.44,0.308,0.019,13,0.004,0.008,0.0005,0.0068,0,0.96,0.038
ブルーチーズ,3.49,0.188,0.29,0.01,5.9,0.003,0.006,0.0003,0.0042,0,0.9,0.038
ロセスチーズ,3.39,0.227,0.26,0.013,6.3,0.003,0.011,0.0003,0.0038,0,0.78,0.028
アイスクリーム,2.12,0.035,0.12,0.224,1.3,0.001,0.002,0.0006,0.0018,0,0.32,0.002
アイスミルク,1.67,0.034,0.064,0.239,1.1,0.001,0.001,0.0003,0.0014,0,0.18,0.002
ラクトアイス,2.24,0.031,0.136,0.222,0.95,0.001,0.006,0.0003,0.0015,0,0.21,0.002
ソフトクリーム,1.46,0.038,0.056,0.201,1.3,0.001,0.002,0.0005,0.0022,0,0.13,0.002
シャーベット,1.27,0.009,0.01,0.287,0.22,0.001,0,0.0004,0.0005,0,0.01,0
人乳,0.65,0.011,0.035,0.072,0.27,0,0.004,0.0001,0.0003,0.05,0.15,0
やぎ乳,0.63,0.031,0.036,0.045,1.2,0.001,0.001,0.0004,0.0014,0.01,0.13,0.001
オリーブ油,9.21,0,1,0,0,0,0.076,0,0,0,0,0
ごま油,9.21,0,1,0,0.01,0.001,0.048,0,0,0,0,0
サフラワー油,9.21,0,1,0,0,0,0.276,0,0,0,0,0
大豆油,9.21,0,1,0,0,0,0.195,0,0,0,0.01,0
調合油,9.21,0,1,0,0,0,0.19,0,0,0,0.02,0
油,9.21,0,1,0,0,0,0.19,0,0,0,0.02,0
とうもろこし油,9.21,0,1,0,0,0,0.243,0,0,0,0,0
なたね油,9.21,0,1,0,0,0,0.185,0,0,0,0.02,0
パーム油,9.21,0,1,0,0,0,0.089,0,0,0,0.01,0
ひまわり油,9.21,0,1,0,0,0,0.392,0,0,0,0,0
綿実油,9.21,0,1,0,0,0,0.311,0,0,0,0,0
落花生油,9.21,0,1,0,0,0,0.067,0,0,0,0,0
牛脂,9.4,0.002,0.998,0,0,0.001,0.006,0,0,0,1,0
ラード,9.41,0,1,0,0,0,0.003,0,0,0,1,0
バター,7.45,0.006,0.81,0.002,0.15,0.001,0.015,0.0001,0.0003,0,2.1,0.019
無塩バター,7.63,0.005,0.83,0.002,0.14,0.004,0.014,0,0.0003,0,2.2,0
発酵バター,7.52,0.006,0.8,0.044,0.12,0.004,0.013,0,0.0002,0,2.3,0.013
マーガリン,7.58,0.004,0.816,0.012,0.14,0,0.191,0.0001,0.0003,0,0.05,0.012
ショートニング,9.21,0,1,0,0,0,0.108,0,0,0,0.11,0
甘納豆,2.96,0.056,0.006,0.671,0.16,0.021,0.001,0.0001,0.0003,0,0,0.001
生八つ橋,2.79,0.043,0.005,0.643,0.11,0.009,0.001,0.0004,0.0002,0,0,0
今川焼,2.22,0.044,0.011,0.486,0.21,0.008,0.002,0.0004,0.0004,0,0.24,0.002
ういろう,1.83,0.011,0.002,0.441,0.02,0.002,0,0.0002,0,0,0,0
うぐいすもち,2.41,0.036,0.004,0.557,0.09,0.008,0.001,0.0002,0.0002,0,0,0.001
かしわもち,2.06,0.04,0.004,0.467,0.07,0.009,0.001,0.0003,0.0002,0,0,0.001
カステラ,3.19,0.062,0.046,0.632,0.29,0.009,0.007,0.0003,0.0042,0,1.6,0.001
かのこ,2.64,0.048,0.004,0.604,0.14,0.016,0.001,0.0001,0.0003,0,0,0.001
かるかん,2.3,0.021,0.003,0.547,0.03,0.003,0.001,0.0005,0.0001,0.01,0,0
きび団子,3.04,0.017,0.003,0.735,0.03,0.001,0,0.0002,0.0001,0,0,0
ぎゅうひ,2.57,0.013,0.002,0.625,0.01,0.002,0,0.0001,0,0,0,0
きんつば,2.64,0.053,0.007,0.592,0.18,0.01,0.002,0.0009,0.0004,0,0,0.002
草もち,2.29,0.042,0.004,0.521,0.11,0.01,0.002,0.0003,0.0002,0,0,0
くし団子あん,2.01,0.038,0.004,0.455,0.06,0.007,0.001,0.0004,0.0001,0,0,0.001
くし団子しょうゆ,1.97,0.031,0.004,0.452,0.04,0.004,0.001,0.0004,0.0002,0,0,0.006
げっぺい,3.57,0.051,0.087,0.646,0.32,0.01,0.008,0.0007,0.0003,0,0.01,0.001
桜もち関東風,2.38,0.045,0.004,0.542,0.12,0.01,0.001,0.0003,0.0002,0,0,0.001
桜もち関西風,2,0.034,0.002,0.461,0.07,0.007,0,0.0001,0.0001,0,0,0.001
大福もち,2.35,0.048,0.005,0.528,0.11,0.01,0.001,0.0003,0.0002,0,0,0.001
タルト,2.93,0.058,0.029,0.609,0.21,0.01,0.003,0.0004,0.0012,0,1.1,0.001
ちまき,1.53,0.013,0.002,0.364,0.01,0.002,0,0.0002,0,0,0,0
どら焼,2.84,0.062,0.026,0.589,0.22,0.009,0.004,0.0008,0.001,0,0.8,0.003
ねりきり,2.64,0.053,0.003,0.601,0.14,0.015,0.001,0.0001,0.0003,0,0,0
カステラまんじゅう,2.94,0.064,0.016,0.636,0.29,0.013,0.002,0.0004,0.0007,0,0.43,0.001
くずまんじゅう,2.2,0.031,0.002,0.514,0.09,0.009,0.001,0.0001,0.0002,0,0,0.001
くりまんじゅう,3.09,0.06,0.013,0.683,0.22,0.013,0.002,0.0004,0.0006,0,0.33,0.001
とうまんじゅう,2.96,0.062,0.02,0.634,0.2,0.013,0.003,0.0004,0.0009,0,0.68,0.001
蒸しまんじゅう,2.61,0.048,0.005,0.592,0.17,0.011,0.001,0.0003,0.0002,0,0,0.002
あんまん,2.81,0.059,0.058,0.512,0.53,0.011,0.002,0.0008,0.0004,0,0.03,0
肉まん,2.51,0.092,0.044,0.436,0.28,0.008,0.005,0.0021,0.0013,0.09,0.15,0.009
もなか,2.85,0.048,0.004,0.656,0.12,0.013,0.001,0.0002,0.0002,0,0,0
ゆべし,3.27,0.024,0.035,0.714,0.06,0.004,0.002,0.0003,0.0002,0,0,0.006
ようかん,2.96,0.036,0.002,0.7,0.15,0.011,0.001,0.0001,0.0002,0,0,0
水ようかん,1.71,0.026,0.001,0.4,0.1,0.008,0.001,0,0.0001,0,0,0.001
あめ玉,3.9,0,0,0.975,0.01,0,0,0,0,0,0,0
芋かりんとう,4.76,0.014,0.206,0.713,0.47,0.008,0.057,0.0013,0.0003,0.34,0,0
おこし,3.83,0.038,0.008,0.901,0.04,0.002,0.001,0.0002,0.0001,0,0,0.002
かりんとう,4.41,0.074,0.118,0.762,0.68,0.017,0.023,0.0011,0.0006,0,0,0
ごかぼう,3.84,0.104,0.059,0.724,0.62,0.023,0.006,0.0019,0.0007,0,0,0
いそべせんべい,3.82,0.041,0.008,0.895,0.12,0.003,0.002,0.0007,0.0002,0,0,0.013
かわらせんべい,3.98,0.075,0.035,0.84,0.25,0.009,0.006,0.0004,0.001,0,1.1,0.003
巻きせんべい,3.92,0.042,0.015,0.904,0.23,0.004,0.002,0.0006,0.0005,0,0.34,0.001
南部せんべい,4.32,0.109,0.11,0.724,2.4,0.023,0.007,0.0029,0.0008,0,0,0.011
中華風クッキー,5.34,0.05,0.296,0.618,0.27,0.005,0.004,0.0006,0.0007,0,0.81,0.002
ひなあられ関東風,4,0.051,0.043,0.853,0.36,0.012,0.002,0.0006,0.0005,0,0,0.002
ひなあられ関西風,3.98,0.083,0.036,0.832,0.39,0.03,0.001,0.0006,0.0008,0,0,0.014
揚げせんべい,4.65,0.057,0.175,0.712,0.05,0.007,0.033,0.0008,0.0002,0,0,0.012
甘辛せんべい,3.8,0.067,0.009,0.863,0.07,0.009,0.002,0.0009,0.0003,0,0,0.012
あられ,3.81,0.079,0.014,0.842,0.15,0.005,0.001,0.0009,0.0005,0,0,0.017
塩せんべい,3.73,0.078,0.01,0.831,0.13,0.008,0,0.0002,0.0003,0,0,0.02
タマゴボーロ,3.91,0.025,0.022,0.904,0.16,0.007,0.002,0.0001,0.0009,0,0.84,0.001
八つ橋,3.95,0.034,0.005,0.941,0.03,0.004,0.001,0.0005,0.0001,0,0,0
らくがん,3.89,0.024,0.002,0.943,0.03,0.002,0,0.0001,0,0,0,0
あんパン,2.8,0.079,0.053,0.502,0.31,0.01,0.004,0.0006,0.0005,0,0,0.007
クリームパン,3.05,0.103,0.109,0.414,0.52,0.01,0.009,0.0009,0.0018,0,1.3,0.009
ジャムパン,2.97,0.066,0.058,0.545,0.31,0.005,0.004,0.0007,0.0004,0.03,0,0.008
チョココロネ,3.08,0.05,0.119,0.451,0.72,0.004,0.02,0.0008,0.0013,0,0.12,0.005
シュークリーム,2.45,0.084,0.136,0.223,0.47,0.012,0.014,0.0005,0.0028,0,2.5,0.003
チーズババロアシュークリーム,2.45,0.084,0.136,0.223,0.47,0.012,0.014,0.0005,0.0028,0,2.5,0.003
エクレア,2.45,0.084,0.136,0.223,0.47,0.012,0.014,0.0005,0.0028,0,2.5,0.003
スポンジケーキ,2.98,0.081,0.056,0.538,0.28,0.009,0.004,0.0003,0.0012,0,1.7,0.002
ショートケーキ,3.44,0.074,0.14,0.471,0.33,0.007,0.004,0.0003,0.0011,0,1.5,0.002
ケーキ,3.44,0.074,0.14,0.471,0.33,0.007,0.004,0.0003,0.0011,0,1.5,0.002
デニッシュペストリー,3.96,0.072,0.207,0.451,0.34,0.006,0.047,0.0013,0.0012,0,0.16,0.012
イーストドーナッツ,3.87,0.071,0.204,0.438,0.45,0.006,0.034,0.001,0.0012,0,0.22,0.008
ドーナッツ,3.75,0.07,0.118,0.603,0.45,0.007,0.016,0.0008,0.0013,0,1,0.004
パイ皮,4.35,0.077,0.337,0.252,0.1,0.004,0.053,0.0004,0.0001,0,0.01,0.013
アップルパイ,3.04,0.04,0.175,0.327,0.06,0.002,0.028,0.0002,0.0001,0.01,0.01,0.007
ミートパイ,4.14,0.101,0.311,0.233,0.15,0.006,0.047,0.0016,0.0006,0.01,0.15,0.017
バターケーキ,4.44,0.056,0.256,0.478,0.5,0.008,0.007,0.0005,0.0013,0,1.7,0.003
ホットケーキ,2.61,0.075,0.055,0.454,1.1,0.006,0.005,0.0009,0.0018,0,0.84,0.007
ワッフル,2.56,0.083,0.088,0.36,0.71,0.009,0.009,0.0007,0.0023,0,1.7,0.002
カスタードプディング,1.26,0.055,0.05,0.147,0.81,0.006,0.003,0.0005,0.0026,0,1.4,0.002
オレンジゼリー,0.7,0.023,0,0.153,0.03,0.001,0.001,0.0002,0,0.07,0,0
ゼリー,0.7,0.023,0,0.153,0.03,0.001,0.001,0.0002,0,0.07,0,0
コーヒーゼリー,0.45,0.017,0,0.095,0.02,0,0,0,0,0,0,0
ミルクゼリー,1.1,0.042,0.029,0.167,0.84,0,0.001,0.0003,0.0011,0.01,0.09,0.001
ワインゼリー,0.66,0.017,0,0.133,0.01,0.001,0,0,0,0,0,0
ババロア,2.18,0.056,0.128,0.2,0.75,0.007,0.005,0.0004,0.0014,0,1.7,0.001
ウエハース,4.54,0.076,0.136,0.753,0.21,0.006,0.012,0.0003,0.0008,0,0.18,0.012
クラッカー,4.92,0.085,0.225,0.639,1.8,0.008,0.125,0.0008,0.0004,0,0,0.015
サブレ,4.65,0.06,0.166,0.73,0.38,0.006,0.019,0.0008,0.0008,0,0.62,0.002
ハードビスケット,4.32,0.076,0.1,0.778,3.3,0.009,0.011,0.0013,0.0022,0,0.1,0.008
ソフトビスケット,5.22,0.057,0.276,0.626,0.2,0.005,0.025,0.0006,0.0005,0,0.58,0.006
ロシアケーキ,4.99,0.056,0.237,0.657,0.4,0.007,0.048,0.0007,0.0014,0,0.03,0.005
小麦粉あられ,4.82,0.073,0.197,0.688,0.21,0.005,0.023,0.0012,0.0004,0,0.02,0.018
コーンスナック,5.26,0.052,0.271,0.653,0.5,0.004,0.042,0.0002,0.0005,0,0,0.012
ポテトチップス,5.54,0.047,0.352,0.547,0.17,0.017,0.064,0.0026,0.0006,0.15,0,0.01
キャラメル,4.33,0.04,0.117,0.779,1.9,0.003,0.006,0.0009,0.0018,0,0.14,0.003
ゼリーキャンデー,3.36,0,0,0.84,0.08,0.001,0,0,0,0,0,0
ゼリービーンズ,3.62,0.001,0,0.903,0.1,0.002,0,0,0,0,0,0
ドロップ,3.92,0,0,0.98,0.01,0,0,0,0,0,0,0
マシュマロ,3.26,0.022,0,0.793,0.01,0.001,0,0,0,0,0,0
チョコレート,5.13,0.071,0.258,0.631,1.7,0.017,0.014,0.0016,0.0027,0,0.13,0.004
ホワイトチョコレート,5.88,0.072,0.395,0.509,2.5,0.001,0.014,0.0008,0.0039,0,0.22,0.002
ミルクチョコレート,5.57,0.074,0.34,0.554,2.4,0.024,0.014,0.0019,0.0041,0,0.19,0.002
マロングラッセ,3.17,0.011,0.003,0.774,0.08,0.006,0,0,0.0003,0,0,0.001
板ガム,3.88,0,0,0.969,0.03,0.001,0,0,0,0,0,0
糖衣ガム,3.9,0,0,0.976,0.01,0.001,0,0,0,0,0,0
風船ガム,3.87,0,0,0.967,0.03,0.001,0,0,0,0,0,0
酒,1.09,0.004,0,0.049,0.03,0,0,0,0,0,0,0
純米酒,1.03,0.004,0,0.036,0.03,0.001,0,0,0,0,0,0
本醸造酒,1.07,0.004,0,0.045,0.03,0,0,0,0,0,0,0
吟醸酒,1.04,0.003,0,0.036,0.02,0,0,0,0,0,0,0
純米吟醸酒,1.03,0.004,0,0.041,0.02,0,0,0,0,0,0,0
ビール,0.4,0.003,0,0.031,0.03,0,0,0,0.0002,0,0,0
発泡酒,0.45,0.001,0,0.036,0.04,0,0,0,0.0001,0,0,0
白ワイン,0.73,0.001,0,0.02,0.08,0.003,0,0,0,0,0,0
赤ワイン,0.73,0.002,0,0.015,0.07,0.004,0,0,0.0001,0,0,0
ワイン,0.73,0.002,0,0.015,0.07,0.004,0,0,0.0001,0,0,0
ロゼワイン,0.77,0.001,0,0.04,0.1,0.004,0,0,0,0,0,0
紹興酒,1.27,0.017,0,0.051,0.25,0.003,0,0,0.0003,0,0,0
しょうちゅう,2.06,0,0,0,0,0,0,0,0,0,0,0
ウイスキー,2.37,0,0,0,0,0,0,0,0,0,0,0
ブランデー,2.37,0,0,0,0,0,0,0,0,0,0,0
蒸ウオッカ,2.4,0,0,0,0,0,0,0,0,0,0,0
ジン,2.84,0,0,0.001,0,0,0,0,0,0,0,0
ラム,2.4,0,0,0.001,0,0,0,0,0,0,0,0
マオタイ酒,3.22,0,0,0,0.02,0.003,0,0,0,0,0,0
梅酒,1.56,0.001,0,0.207,0.01,0,0,0,0.0001,0,0,0
合成清酒,1.09,0.001,0,0.053,0.02,0,0,0,0,0,0,0
料理酒,1.09,0.001,0,0.053,0.02,0,0,0,0,0,0,0
白酒,2.38,0.019,0,0.481,0.03,0.001,0,0.0002,0.0001,0.01,0,0
みりん,2.41,0.003,0,0.432,0.02,0,0,0,0,0,0,0
キュラソー,3.22,0,0,0.264,0,0,0,0,0,0,0,0
玉露浸出液,0.05,0.013,0,0,0.04,0.002,0,0.0002,0.0011,0.19,0,0
抹茶,3.24,0.306,0.053,0.385,4.2,0.17,0.281,0.006,0.0135,0.6,0,0
せん茶浸出液,0.02,0.002,0,0.002,0.03,0.002,0,0,0.0005,0.06,0,0
番茶浸出液,0,0,0,0.001,0.05,0.002,0,0,0.0003,0.03,0,0
ほうじ茶浸出液,0,0,0,0.001,0.02,0,0,0,0.0002,0,0,0
玄米茶浸出液,0,0,0,0,0.02,0,0,0,0.0001,0.01,0,0
ウーロン茶浸出液,0,0,0,0.001,0.02,0,0,0,0.0003,0,0,0
紅茶浸出液,0.01,0.001,0,0.001,0.01,0,0,0,0.0001,0,0,0
コーヒー浸出液,0.04,0.002,0,0.007,0.02,0,0,0,0.0001,0,0,0
インスタントコーヒー,2.88,0.147,0.003,0.565,1.4,0.03,0.002,0.0002,0.0014,0,0,0.001
コーヒー飲料,0.38,0.007,0.003,0.082,0.22,0.001,0,0.0001,0.0004,0,0,0.001
ココア,2.71,0.185,0.216,0.424,1.4,0.14,0.007,0.0016,0.0022,0,0.01,0
ミルクココア,4.12,0.074,0.068,0.804,1.8,0.029,0.005,0.0007,0.0042,0,0,0.007
甘酒,0.81,0.017,0.001,0.183,0.03,0.001,0,0.0001,0.0003,0,0,0.002
昆布茶,0.98,0.057,0.004,0.423,0.8,0.019,0,0.0002,0.0006,0,0,0.483
炭酸飲料,0.51,0,0,0.128,0.03,0,0,0,0,0,0,0
コーラ,0.46,0.001,0,0.114,0.02,0,0,0,0,0,0,0
サイダー,0.41,0,0,0.102,0.01,0,0,0,0,0,0,0
麦茶浸出液,0.01,0,0,0.003,0.02,0,0,0,0,0,0,0
ウスターソース,1.17,0.01,0.001,0.268,0.58,0.016,0.002,0.0001,0.0002,0,0,0.084
ソース,1.17,0.01,0.001,0.268,0.58,0.016,0.002,0.0001,0.0002,0,0,0.084
中濃ソース,1.32,0.008,0.001,0.308,0.61,0.017,0.005,0.0002,0.0004,0,0,0.058
濃厚ソース,1.32,0.009,0.001,0.309,0.61,0.015,0.005,0.0003,0.0004,0,0,0.056
トウバンジャン,0.6,0.02,0.023,0.079,0.32,0.023,0.032,0.0004,0.0017,0.03,0.03,0.178
チリペッパーソース,0.55,0.007,0.005,0.052,0.15,0.015,0,0.0003,0.0008,0,0,0.016
ラー油,9.19,0.001,0.998,0,0,0.001,0.086,0,0,0,0,0
こいくちしょうゆ,0.71,0.077,0,0.101,0.29,0.017,0,0.0005,0.0017,0,0,0.145
しょうゆ,0.71,0.077,0,0.101,0.29,0.017,0,0.0005,0.0017,0,0,0.145
醤油,0.71,0.077,0,0.101,0.29,0.017,0,0.0005,0.0017,0,0,0.145
減塩醤油,0.71,0.077,0,0.101,0.29,0.017,0,0.0005,0.0017,0,0,0.085
減塩P醤油,0.71,0.077,0,0.101,0.29,0.017,0,0.0005,0.0017,0,0,0.085
P醤油,0.71,0.077,0,0.101,0.29,0.017,0,0.0005,0.0017,0,0,0.145
Pしょうゆ,0.71,0.077,0,0.101,0.29,0.017,0,0.0005,0.0017,0,0,0.145
P醤油,0.71,0.077,0,0.101,0.29,0.017,0,0.0005,0.0017,0,0,0.145
うすくちしょうゆ,0.54,0.057,0,0.078,0.24,0.011,0,0.0005,0.0011,0,0,0.16
薄口醤油,0.54,0.057,0,0.078,0.24,0.011,0,0.0005,0.0011,0,0,0.16
塩,0,0,0,0,0.22,0,0,0,0,0,0,0.991
穀物酢,0.25,0.001,0,0.024,0.02,0,0,0.0001,0.0001,0,0,0
酢,0.25,0.001,0,0.024,0.02,0,0,0.0001,0.0001,0,0,0
米酢,0.46,0.002,0,0.074,0.02,0.001,0,0.0001,0.0001,0,0,0
ぶどう酢,0.22,0.001,0,0.012,0.03,0.002,0,0,0,0,0,0
りんご酢,0.26,0.001,0,0.024,0.04,0.002,0,0,0.0001,0,0,0
かつおだし,0.03,0.005,0.001,0,0.02,0,0,0.0001,0.0001,0,0,0.001
すましじる,0.03,0.005,0.001,0,0.02,0,0,0.0001,0.0001,0,0,0.007
すまし汁,0.03,0.005,0.001,0,0.02,0,0,0.0001,0.0001,0,0,0.007
昆布だし,0.04,0.001,0,0.009,0.03,0,0,0,0,0,0,0.002
かつお・昆布だし,0.02,0.003,0,0.003,0.03,0,0,0.0001,0.0001,0,0,0.001
しいたけだし,0.04,0.001,0,0.009,0.01,0.001,0,0,0.0002,0,0,0
煮干しだし,0.01,0.001,0.001,0,0.03,0,0,0.0001,0,0,0,0.001
鳥がらだし,0.07,0.011,0.002,0,0.02,0.005,0,0.0002,0.0009,0,0,0.001
中華だし,0.03,0.008,0,0,0.03,0,0,0.0015,0.0003,0,0,0.001
中華スープ,0.03,0.008,0,0,0.03,0,0,0.0015,0.0003,0,0,0.007
洋風だし,0.06,0.013,0,0.003,0.05,0.001,0,0.0002,0.0005,0,0,0.005
洋風スープ,0.06,0.013,0,0.003,0.05,0.001,0,0.0002,0.0005,0,0,0.007
コンソメスープ,0.06,0.013,0,0.003,0.05,0.001,0,0.0002,0.0005,0,0,0.007
スープ,0.06,0.013,0,0.003,0.05,0.001,0,0.0002,0.0005,0,0,0.005
コンソメ,2.35,0.07,0.043,0.421,0.26,0.004,0.007,0.0003,0.0008,0,0,0.432
中華スープストック,2.35,0.07,0.043,0.421,0.26,0.004,0.007,0.0003,0.0008,0,0,0.432
スープストック,2.35,0.07,0.043,0.421,0.26,0.004,0.007,0.0003,0.0008,0,0,0.432
顆粒風味調味料,2.24,0.242,0.003,0.311,0.42,0.01,0.001,0.0003,0.002,0,0.23,0.406
和風だし,2.24,0.242,0.003,0.311,0.42,0.01,0.001,0.0003,0.002,0,0.23,0.406
めんつゆ,0.98,0.045,0,0.2,0.16,0.008,0,0.0004,0.0007,0,0,0.099
かき油,1.07,0.077,0.003,0.183,0.25,0.012,0.001,0.0001,0.0007,0,0.02,0.114
オイスターソース,1.07,0.077,0.003,0.183,0.25,0.012,0.001,0.0001,0.0007,0,0.02,0.114
マーボー豆腐の素,1.15,0.042,0.063,0.104,0.12,0.008,0,0.0005,0.0003,0.02,0,0.036
麻姿豆腐の素,1.15,0.042,0.063,0.104,0.12,0.008,0,0.0005,0.0003,0.02,0,0.036
ミートソース,1.01,0.038,0.05,0.101,0.17,0.008,0,0.0014,0.0005,0.06,0,0.015
ピューレー,0.41,0.019,0.001,0.092,0.19,0.008,0.028,0.0009,0.0007,0.1,0,0.004
トマトピューレー,0.41,0.019,0.001,0.092,0.19,0.008,0.028,0.0009,0.0007,0.1,0,0.004
ペースト,0.89,0.038,0.001,0.214,0.46,0.016,0.064,0.0021,0.0014,0.15,0,0.005
トマトペースト,0.89,0.038,0.001,0.214,0.46,0.016,0.064,0.0021,0.0014,0.15,0,0.005
ケチャップ,1.19,0.017,0,0.274,0.17,0.007,0.023,0.0008,0.0004,0.09,0,0.033
トマトソース,0.44,0.02,0.002,0.085,0.18,0.009,0.022,0.0009,0.0008,0,0,0.014
チリソース,1.15,0.018,0.001,0.263,0.27,0.009,0.022,0.0007,0.0007,0,0,0.03
ドレッシングタイプ和風調味料,0.82,0.031,0.001,0.161,0.1,0.003,0,0.0002,0.0003,0,0,0.074
フレンチドレッシング,4.06,0.001,0.419,0.059,0.02,0,0.079,0,0,0.01,0.01,0.03
Fドレ,4.06,0.001,0.419,0.059,0.02,0,0.079,0,0,0.01,0.01,0.03
ドレッシング,4.06,0.001,0.419,0.059,0.02,0,0.079,0,0,0.01,0.01,0.03
Pドレ,4.06,0.001,0.419,0.059,0.02,0,0.079,0,0,0.01,0.01,0.03
サウザンアイランドドレッシング,4.16,0.01,0.414,0.092,0.13,0.004,0.079,0.0002,0.0018,0.03,0.56,0.036
サウザンドレ,4.16,0.01,0.414,0.092,0.13,0.004,0.079,0.0002,0.0018,0.03,0.56,0.036
マヨネーズ 全卵型,7.03,0.015,0.753,0.045,0.09,0.003,0.177,0.0001,0.0005,0,0.6,0.018
マヨネーズ 卵黄型,6.7,0.028,0.723,0.017,0.23,0.009,0.134,0.0004,0.001,0,1.5,0.023
マヨネーズ,6.7,0.028,0.723,0.017,0.23,0.009,0.134,0.0004,0.001,0,1.5,0.023
みそ,1.92,0.125,0.06,0.219,1,0.04,0.013,0.0003,0.001,0,0,0.124
みそしる,0.1,0.006,0.003,0.011,0.05,0.002,0,0,0.0001,0,0,0.006
白みそ,1.92,0.125,0.06,0.219,1,0.04,0.013,0.0003,0.001,0,0,0.124
赤みそ,1.86,0.131,0.055,0.211,1.3,0.043,0.011,0.0003,0.001,0,0,0.13
たいみそ ,2.63,0.057,0.008,0.594,0.26,0.016,0.024,0.0004,0.0012,0,0,0.033
減塩たいみそ ,2.2,0.088,0.035,0.383,1.5,0.012,0.024,0.0004,0.0012,0,0,0.031
減塩ゆずみそ ,2.33,0.08,0.041,0.41,1.5,0.013,0.024,0.0004,0.0012,0,0,0.03
減塩かつおぶしみそ ,2.37,0.114,0.043,0.382,1.5,0.018,0.024,0.0004,0.0012,0,0,0.029
ゆずみそ ,2.33,0.08,0.041,0.41,1.5,0.013,0.024,0.0004,0.0012,0,0,0.03
減塩かつお節みそ ,2.37,0.114,0.043,0.382,1.5,0.018,0.024,0.0004,0.0012,0,0,0.029
かつおぶしみそ ,2.37,0.114,0.043,0.382,1.5,0.018,0.024,0.0004,0.0012,0,0,0.029
かつお節みそ ,2.37,0.114,0.043,0.382,1.5,0.018,0.024,0.0004,0.0012,0,0,0.029
即席みそ粉末,3.43,0.201,0.093,0.447,0.85,0.028,0.015,0.0011,0.0259,0,0,0.206
即席みそペーストタイプ,1.31,0.082,0.037,0.162,0.47,0.012,0.009,0.0004,0.0027,0,0,0.097
カレールウ,5.12,0.065,0.341,0.447,0.9,0.035,0.024,0.0009,0.0006,0,0.2,0.107
ハヤシルウ,5.12,0.058,0.332,0.475,0.3,0.01,0.027,0.0014,0.0006,0,0.2,0.107
酒かす,2.27,0.149,0.015,0.238,0.08,0.008,0,0.0003,0.0026,0,0,0
みりん風調味料,2.26,0.001,0,0.549,0,0.001,0,0,0.0002,0,0,0.002
オールスパイス,3.74,0.056,0.056,0.752,7.1,0.047,0,0,0.0005,0,0,0.001
オニオンパウダー,3.64,0.088,0.011,0.798,1.4,0.031,0,0.003,0.001,0.1,0,0.001
からし粉,4.36,0.33,0.143,0.437,2.5,0.111,0,0.0073,0.0026,0,0,0.001
練りからし,3.15,0.059,0.145,0.401,0.6,0.021,0,0.0022,0.0007,0,0,0.074
マスタード,1.74,0.048,0.106,0.131,0.71,0.018,0.016,0.0014,0.0004,0,0,0.03
粒入りマスタード,2.29,0.076,0.16,0.127,1.3,0.024,0.014,0.0032,0.0005,0,0,0.041
カレー粉,4.15,0.13,0.122,0.633,5.4,0.285,0.049,0.0041,0.0025,0.02,0.08,0.001
クローブ,4.17,0.072,0.136,0.664,6.4,0.099,0,0.0004,0.0027,0,0,0.007
黒こしょう,3.64,0.11,0.06,0.666,4.1,0.2,0,0.001,0.0024,0,0,0.002
白こしょう,3.78,0.101,0.064,0.701,2.4,0.073,0,0.0002,0.0012,0,0,0
こしょう,3.71,0.106,0.062,0.683,3.3,0.137,0,0.0006,0.0018,0.01,0,0.001
コショー,3.71,0.106,0.062,0.683,3.3,0.137,0,0.0006,0.0018,0.01,0,0.001
コショウ,3.71,0.106,0.062,0.683,3.3,0.137,0,0.0006,0.0018,0.01,0,0.001
粉さんしょう,3.75,0.103,0.062,0.696,7.5,0.101,0,0.001,0.0045,0,0,0
シナモン,3.64,0.036,0.035,0.796,12,0.071,0,0.0008,0.0014,0,0,0.001
しょうが粉,3.65,0.078,0.049,0.725,1.1,0.141,0,0.0004,0.0017,0,0,0.001
おろししょうが,0.43,0.007,0.006,0.086,0.16,0.003,0,0.0002,0.0003,1.2,0,0.015
セージ,3.84,0.064,0.101,0.669,15,0.5,0,0.0009,0.0055,0,0,0.003
タイム,3.52,0.065,0.052,0.698,17,1.1,0,0.0009,0.0069,0,0,0
チリパウダー,3.74,0.15,0.082,0.601,2.8,0.293,0,0.0025,0.0084,0,0,0.064
とうがらし,4.19,0.162,0.097,0.668,1.1,0.121,0,0.0043,0.0115,0,0,0
ナツメグ,5.59,0.057,0.385,0.475,1.6,0.025,0,0.0005,0.001,0,0,0
ガーリックパウダー,3.82,0.199,0.008,0.738,1,0.066,0.004,0.0054,0.0015,0,0.02,0
おろしにんにく,1.71,0.047,0.005,0.37,0.22,0.007,0,0.0011,0.0004,0,0,0.046
バジル粉,3.07,0.211,0.022,0.506,28,1.2,0.048,0.0026,0.0109,0.01,0,0.001
乾燥パセリ,3.41,0.287,0.022,0.516,13,0.175,0.073,0.0089,0.0202,8.2,0,0.022
パプリカ,3.89,0.155,0.116,0.556,1.7,0.211,0,0.0052,0.0178,0,0,0.002
わさび粉,3.84,0.165,0.044,0.697,3.2,0.093,0,0.0055,0.003,0,0,0.001
練りわさび,2.65,0.033,0.103,0.398,0.62,0.02,0,0.0011,0.0007,0,0,0.061
ベーキングパウダー,1.27,0,0.012,0.29,24,0.001,0,0,0,0,0,0.173
カレーレトルトパウチ,1.18,0.033,0.073,0.098,0.2,0.011,0,0.0011,0.0005,0.01,0,0.013
ぎょうざ,1.97,0.071,0.081,0.238,0.3,0.01,0.003,0.0009,0.001,0.06,0.17,0.012
ギョウザ,1.97,0.071,0.081,0.238,0.3,0.01,0.003,0.0009,0.001,0.06,0.17,0.012
餃子,1.97,0.071,0.081,0.238,0.3,0.01,0.003,0.0009,0.001,0.06,0.17,0.012
グラタン,1.33,0.048,0.067,0.133,0.66,0.004,0,0.0004,0.0008,0.01,0,0.009
コーンクリームスープ粉末,4.25,0.081,0.137,0.674,1.2,0.012,0,0.0015,0.0041,0.02,0,0.071
コーンクリームスープレトルトパウチ,0.86,0.02,0.048,0.086,0.3,0.002,0,0.0003,0.0007,0.02,0,0.007
クリームコロッケ,1.59,0.047,0.063,0.209,0.43,0.005,0,0.0006,0.001,0.02,0,0.007
コロッケ,1.64,0.046,0.049,0.253,0.2,0.007,0.002,0.0009,0.0006,0.07,0.02,0.007
牛肉コロッケ,1.64,0.046,0.049,0.253,0.2,0.007,0.002,0.0009,0.0006,0.07,0.02,0.007
カニクリームコロッケ,1.59,0.047,0.063,0.209,0.43,0.005,0,0.0006,0.001,0.02,0,0.007
イカフライ,1.46,0.106,0.02,0.214,0.16,0.004,0,0.001,0,0,0,0.008
イカリングフライ,1.46,0.106,0.02,0.214,0.16,0.004,0,0.001,0,0,0,0.008
エビフライ,1.39,0.102,0.019,0.203,0.42,0.015,0,0.0004,0.0007,0.01,0,0.009
白身魚フライ,1.48,0.116,0.027,0.193,0.47,0.005,0,0.001,0.001,0.01,0,0.009
シチューレトルトパウチ,1.18,0.06,0.072,0.074,0.15,0.009,0,0.0011,0.0008,0.05,0,0.007
しゅうまい,2.15,0.093,0.112,0.193,0.3,0.012,0.004,0.0012,0.0013,0.01,0.37,0.013
シュウマイ,2.15,0.093,0.112,0.193,0.3,0.012,0.004,0.0012,0.0013,0.01,0.37,0.013
焼売,2.15,0.093,0.112,0.193,0.3,0.012,0.004,0.0012,0.0013,0.01,0.37,0.013
ハンバーグ,2.23,0.133,0.134,0.123,0.38,0.018,0,0.0016,0.0023,0.01,0,0.012
ピラフ,1.61,0.038,0.028,0.301,0.12,0.004,0,0.0005,0.0002,0.02,0,0.009
ミートボール,2.44,0.117,0.164,0.125,0.18,0.013,0.007,0.001,0.0017,0.01,0.43,0.013
メンチカツ,1.96,0.099,0.072,0.23,0.31,0.016,0,0.0013,0.0014,0.01,0,0.011
海鮮ステーキ,0.81,0.069,0.015,0.105,0.23,0.005,0.005,0.0002,0.0004,0.06,0.2,0.008
マービージャム,1.58,0.003,0.001,0.684,0.08,0.006,0.002,0.0001,0.0001,0.1,0,0
マービー,1.4,0,0,0.75,0,0,0,0,0,0,0,0
マービー液,1.4,0,0,0.75,0,0,0,0,0,0,0,0
照焼つくね,2.15,0.125,0.122,0.137,0.11,0.007,0.002,0.001,0.0021,0,0.75,0.017
ひとくちがんもどき,2.28,0.153,0.178,0.016,2.7,0.036,0.024,0.0003,0.0004,0,0,0.005
一口がんも,2.28,0.153,0.178,0.016,2.7,0.036,0.024,0.0003,0.0004,0,0,0.005
いちごジャム,2.56,0.004,0.001,0.633,0.09,0.002,0.001,0.0001,0.0001,0.09,0,0
マーガリン,7.58,0.004,0.816,0.012,0.14,0,0.191,0.0001,0.0003,0,0.05,0.012
ジャム＆マーガリン,5.07,0.004,0.409,0.323,0.12,0.001,0.096,0.0001,0.0002,0.05,0.03,0.006
オレンジ,0.39,0.01,0.001,0.098,0.21,0.003,0.003,0.001,0.0003,0.4,0,0
